name_short,country_case,name_full,select,begin_date,beg_cow,beg_ksg,end_date,end_cow,end_ksg,ccode_cow,ccode_ksg,country_id_vdem,cid_who,cid_wb,region_wb,stabb_cow,stabb_ksg,m49_chg,year_chg,note_chg,m49_reintro,note_reintro,country_renamed,note_renamed,m49_disuse,note_disuse,m49,isonum,isonum_was,isoa3,isoa_was,isoa2,isoa2_was,iso_chg,reg_code,region,subreg_code,subregion,intreg_code,intregion,ldc,lldc,sids,micro_ksg,iso_with,territory_of,fomerly_part_of,previously
Abkhazia,Abkhazia,Abkhazia,0,2008-08-26,,2008-08-26,2020-12-31,,2020-12-31,,396,,,,,,ABK,,,,,,,,,,,,,,,,,,,,,,,,,,,1,,,,
Afghanistan,Afghanistan,Afghanistan,0,1816-01-01,,1816-01-01,1888-12-30,,1888-12-30,700,700,36,3010,AFG,South Asia,AFG,AFG,,,,,,,,,,004,4,,AFG,,AF,,,142,Asia,034,Southern Asia,,,x,x,,0,,Afghanistan,,
Afghanistan,Afghanistan,Afghanistan,1,1919-05-01,1919-08-08,1919-05-01,2020-12-31,2016-12-31,2020-12-31,700,700,36,3010,AFG,South Asia,AFG,AFG,,,,,,,,,,004,4,,AFG,,AF,,,142,Asia,034,Southern Asia,,,x,x,,0,,Afghanistan,,
"Akrotiri Base, Cyprus","Akrotiri Base, Cyprus",Akrotiri Sovereign Base Area,0,,,,,,,,,,,,,,,,,,,,,,,,,,,,,,,,,,,,,,,,,,,United Kingdom,,
Åland Islands,Åland Islands,Åland Islands,0,,,,,,,,,,,,,,,248,2003,Issued a numerical code in 2003,,,,,,,248,248,,ALA,,AX,,2003,150,Europe,154,Northern Europe,,,,,,,,Finland,,
Albania,Albania,"Albania, People's Socialist Republic of",0,1913-01-01,1914-01-01,1913-01-01,1939-04-07,1939-04-07,,339,339,12,4005,ALB,Europe & Central Asia,ALB,ALB,,,,,,,,,,008,8,,ALB,,AL,,,150,Europe,039,Southern Europe,,,,,,0,,Albania,,
Albania,Albania,"Albania, People's Socialist Republic of",1,1944-11-17,1944-11-17,,2020-12-31,2016-12-31,2020-12-31,339,339,12,4005,ALB,Europe & Central Asia,ALB,ALB,,,,,,,,,,008,8,,ALB,,AL,,,150,Europe,039,Southern Europe,,,,,,0,,Albania,,
Alderney,Alderney,Alderney,0,,,,,,,,,,,,,,,,,,,,,,,,,,,,,,,,,,,,,,,,,,,United Kingdom,,
Algeria,Algeria,"Algeria, People's Democratic Republic of",0,1816-01-01,,1816-01-01,1830-07-05,,1830-07-05,615,615,103,1010,DZA,Middle East & North Africa,ALG,ALG,,,,,,,,,,012,12,,DZA,,DZ,,,002,Africa,015,Northern Africa,,,,,,0,,Algeria,,
Algeria,Algeria,"Algeria, People's Democratic Republic of",1,1962-07-05,1962-07-05,1962-07-05,2020-12-31,2016-12-31,2020-12-31,615,615,103,1010,DZA,Middle East & North Africa,ALG,ALG,,,,,,,,,,012,12,,DZA,,DZ,,,002,Africa,015,Northern Africa,,,,,,0,,Algeria,,
American Samoa,American Samoa,American Samoa,0,,,,,,,,,,,ASM,East Asia & Pacific,,,,,,,,,,,,016,16,,ASM,,AS,,,009,Oceania,061,Polynesia,,,,,x,,,United States of America,,
Andorra,Andorra,"Andorra, Principality of",1,1816-01-01,1993-07-28,1816-01-01,2020-12-31,2016-12-31,2020-12-31,232,232,142,4008,AND,Europe & Central Asia,AND,AND,,,,,,,,,,020,20,,AND,,AD,,,150,Europe,039,Southern Europe,,,,,,1,,Andorra,,
Angola,Angola,"Angola, Republic of",1,1975-11-11,1975-11-11,1975-11-11,2020-12-31,2016-12-31,2020-12-31,540,540,104,1020,AGO,Sub-Saharan Africa,ANG,ANG,,,,,,,,,,024,24,,AGO,,AO,,,002,Africa,202,Sub-Saharan Africa,017,Middle Africa,x,,,0,,Angola,,
Anguilla,Anguilla,Anguilla,0,,,,,,,,,,2005,,,,,,,,,,,,,,660,660,,AIA,,AI,,,019,Americas,419,Latin America and the Caribbean,029,Caribbean,,,x,,,United Kingdom,,
Anjouan,Anjouan,Anjouan,0,1997,,,,,,,,,,,,,,,,,,,,,,,,,,,,,,,,,,,,,,,,,,Comoros,,
Antarctica,Antarctica,Antarctica,0,,,,,,,,,,,,,,,,,,010,,,,,,010,10,,ATA,,AQ,,,,,,,,,,,,,territory south of 60 degrees south latitude,International,,
Antigua and Barbuda,Antigua and Barbuda,Antigua and Barbuda,1,1981-11-01,1981-11-01,1981-11-01,2020-12-31,2016-12-31,2020-12-31,58,58,,2010,ATG,Latin America & Caribbean,AAB,AAB,,,,,,Antigua and Barbuda,Previously listed as Antigua,,,028,28,,ATG,,AG,,,019,Americas,419,Latin America and the Caribbean,029,Caribbean,,,x,1,,Antigua and Barbuda,,Antigua
Argentina,Argentina,Argentine Republic,1,1816-07-09,1841-01-01,1816-07-09,2020-12-31,2016-12-31,2020-12-31,160,160,37,2020,ARG,Latin America & Caribbean,ARG,ARG,,,,,,,,,,032,32,,ARG,,AR,,,019,Americas,419,Latin America and the Caribbean,005,South America,,,,0,,Argentina,,
Armenia,Armenia,Armenia,1,1991-12-21,1991-12-26,1991-12-21,2020-12-31,2016-12-31,2020-12-31,371,371,105,4007,ARM,Europe & Central Asia,ARM,ARM,051,1991,"Formerly part of the Union of Soviet Socialist Republics (numerical code 810). In 1991, the Union of Soviet Socialist Republics formally dissolved into 15 independent countries: Armenia, Azerbaijan, Belarus, Estonia, Georgia, Kazakhstan, Kyrgyzstan, Latvia, Lithuania, Republic of Moldova, Russian Federation, Tajikistan, Turkmenistan, Ukraine and Uzbekistan.",,,,,,,051,51,,ARM,,AM,,1991,142,Asia,145,Western Asia,,,,x,,0,,Armenia,Soviet Union,
Aruba,Aruba,Aruba,0,1986,,,,,,,,,2025,ABW,Latin America & Caribbean,,,533,1986,"Formerly included in Netherlands Antilles (previous numerical code 532). The federation of the Netherlands Antilles was originally assigned code 532, which included data for Aruba. In 1986, Aruba became an autonomous country within the Kingdom of the Netherlands, and was given its own code - 533 - while the code for the Netherlands Antilles was changed to 530. The federation of the Netherlands Antilles was formally dissolved on 10 October 2010. The former Dutch Caribbean dependency ceased to exist with a change of the five islands' constitutional status. Under the new political structure, Curaçao and Sint Maarten (Dutch part) became autonomous countries within the Kingdom of the Netherlands.",,,,,,,533,533,,ABW,,AW,,1986,019,Americas,419,Latin America and the Caribbean,029,Caribbean,,,x,,,Netherlands,Netherlands Antilles,
Ascension,Ascension,Ascension,0,,,,,,,,,,,,,,,,,,,,,,,,,,,,,,,,,,,,,,,,,,,United Kingdom,,
Ashmore and Cartier Islands,Ashmore and Cartier Islands,Ashmore and Cartier Islands,0,,,,,,,,,,,,,,,,,,,,,,,,,,,,,,,,,,,,,,,,,,Australia,Australia,,
Australia,Australia,"Australia, Commonwealth of",1,1901-01-01,1920-01-10,1901-01-01,2020-12-31,2016-12-31,2020-12-31,900,900,67,5020,AUS,East Asia & Pacific,AUL,AUL,,,,,,,,,,036,36,,AUS,,AU,,,009,Oceania,053,Australia and New Zealand,,,,,,0,"Ashmore and Cartier Islands, Coral Sea Islands",Australia,,
Austria,Austria,"Austria, Republic of",0,1918-11-14,1919-09-10,1918-11-14,1938-03-13,1938-03-13,,305,305,144,4010,AUT,Europe & Central Asia,AUS,AUS,,,,,,,,,,040,40,,AUT,,AT,,,150,Europe,155,Western Europe,,,,,,0,,Austria,,
Austria,Austria,"Austria, Republic of",1,1955-07-27,1955-07-27,,2020-12-31,2016-12-31,2020-12-31,305,305,144,4010,AUT,Europe & Central Asia,AUS,AUS,,,,,,,,,,040,40,,AUT,,AT,,,150,Europe,155,Western Europe,,,,,,0,,Austria,,
Austria-Hungary,Austria-Hungary,Austrian Empire,0,1816-01-01,1816-01-01,1816-01-01,1918-11-13,1918-11-12,1918-11-13,300,300,,,,,AUH,AUH,,,,,,,,,,,,,,,,,,,,,,,,,,,0,,Austria-Hungary,,
Azerbaijan,Azerbaijan,"Azerbaijan, Republic of",1,1991-12-21,1991-12-26,1991-12-21,2020-12-31,2016-12-31,2020-12-31,373,373,106,4012,AZE,Europe & Central Asia,AZE,AZE,031,1991,"Formerly part of the Union of Soviet Socialist Republics (numerical code 810). In 1991, the Union of Soviet Socialist Republics formally dissolved into 15 independent countries: Armenia, Azerbaijan, Belarus, Estonia, Georgia, Kazakhstan, Kyrgyzstan, Latvia, Lithuania, Republic of Moldova, Russian Federation, Tajikistan, Turkmenistan, Ukraine and Uzbekistan.",,,,,,,031,31,,AZE,,AZ,,1991,142,Asia,145,Western Asia,,,,x,,0,,Azerbaijan,Soviet Union,
Baden,Baden,Baden,0,1816-01-01,1816-01-01,1816-01-01,1871-01-17,1871-01-18,1871-01-17,267,267,349,,,,BAD,BAD,,,,,,,,,,,,,,,,,,,,,,,,,,,0,,Germany,,
Bahamas,Bahamas,"Bahamas, Commonwealth of the",1,1973-07-10,1973-07-10,1973-07-10,2020-12-31,2016-12-31,2020-12-31,31,31,,2030,BHS,Latin America & Caribbean,BHM,BHM,,,,,,,,,,044,44,,BHS,,BS,,,019,Americas,419,Latin America and the Caribbean,029,Caribbean,,,x,0,,Bahamas,,
Bahrain,Bahrain,"Bahrain, Kingdom of",1,1971-08-15,1971-08-15,1971-08-15,2020-12-31,2016-12-31,2020-12-31,692,692,146,3020,BHR,Middle East & North Africa,BAH,BAH,,,,,,,,,,048,48,,BHR,,BH,,,142,Asia,145,Western Asia,,,,,,0,,Bahrain,,
Baker Island,Baker Island,Baker Island,0,,,,,,,,,,,,,,,,,,,,,,,,,,,,,,,,,,,,,,,,,,US Minor Outlying Islands,United States of America,,
Bangladesh,Bangladesh,"Bangladesh, People's Republic of",1,1971-12-16,1971-12-16,1971-12-16,2020-12-31,2016-12-31,2020-12-31,771,771,24,3025,BGD,South Asia,BNG,BNG,,,,,,,,,,050,50,,BGD,,BD,,,142,Asia,034,Southern Asia,,,x,,,0,,Bangladesh,,
Barbados,Barbados,Barbados,1,1966-11-30,1966-11-30,1966-11-30,2020-12-31,2016-12-31,2020-12-31,53,53,147,2040,BRB,Latin America & Caribbean,BAR,BAR,,,,,,,,,,052,52,,BRB,,BB,,,019,Americas,419,Latin America and the Caribbean,029,Caribbean,,,x,0,,Barbados,,
Bassas da India,Bassas da India,Bassas da India,0,,,,,,,,,,,,,,,,,,,,,,,,,,,,,,,,,,,,,,,,,,Reunion,France,,
Bavaria,Bavaria,Bavaria,0,1816-01-01,1816-01-01,1816-01-01,1871-01-17,1871-01-18,1871-01-17,245,245,350,,,,BAV,BAV,,,,,,,,,,,,,,,,,,,,,,,,,,,0,,Germany,,
Belarus,Belarus,Belarus,1,1991-08-25,1991-12-26,1991-08-25,2020-12-31,2016-12-31,2020-12-31,370,370,107,4018,BLR,Europe & Central Asia,BLR,BLR,,,,,,Belarus,Previously listed as Byelorussian Soviet Socialist Republic,,,112,112,,BLR,BYS,BY,,yes,150,Europe,151,Eastern Europe,,,,,,0,,Belarus,,Byelorussian Soviet Socialist Republic
Belgium,Belgium,"Belgium, Kingdom of",0,1830-10-04,1830-12-20,1830-10-04,1940-05-28,1940-05-28,,211,211,148,4020,BEL,Europe & Central Asia,BEL,BEL,,,,,,,,,,056,56,,BEL,,BE,,,150,Europe,155,Western Europe,,,,,,0,,Belgium,,
Belgium,Belgium,"Belgium, Kingdom of",1,1945-06-26,1945-06-26,,2020-12-31,2016-12-31,2020-12-31,211,211,148,4020,BEL,Europe & Central Asia,BEL,BEL,,,,,,,,,,056,56,,BEL,,BE,,,150,Europe,155,Western Europe,,,,,,0,,Belgium,,
Belgium-Luxembourg,Belgium,Belgium-Luxembourg,0,,,,,,,,,,,,,,,,,,,,,,,,,58,,BLX,BLX,,,,,,,,,,,,,,,,,
Belize,Belize,Belize,1,1981-09-21,1981-09-21,1981-09-21,2020-12-31,2016-12-31,2020-12-31,80,80,149,2045,BLZ,Latin America & Caribbean,BLZ,BLZ,,,,,,,,,,084,84,,BLZ,,BZ,,,019,Americas,419,Latin America and the Caribbean,013,Central America,,,x,0,,Belize,,
Benin,Benin,"Benin, People's Republic of",1,1960-08-01,1960-08-01,1960-08-01,2020-12-31,2016-12-31,2020-12-31,434,434,52,1025,BEN,Sub-Saharan Africa,BEN,BEN,,,,,,,,,,204,204,,BEN,,BJ,,,002,Africa,202,Sub-Saharan Africa,011,Western Africa,x,,,0,,Benin,,Dahomey
Dahomey,Benin,Dahomey,0,,,,,,,,,,,,,,,,,,,,,,,,,204,,DHY,DHY,DY,DY,yes,,,,,,,,,,,,,,
Bermuda,Bermuda,Bermuda,0,,,,,,,,,,2050,BMU,North America,,,,,,,,,,,,060,60,,BMU,,BM,,,019,Americas,021,Northern America,,,,,,,,United Kingdom,,
Bhutan,Bhutan,"Bhutan, Kingdom of",1,1949-01-01,1971-09-21,1949-01-01,2020-12-31,2016-12-31,2020-12-31,760,760,53,3027,BTN,South Asia,BHU,BHU,,,,,,,,,,064,64,,BTN,,BT,,,142,Asia,034,Southern Asia,,,x,x,,0,,Bhutan,,
Bolivia,Bolivia,"Bolivia, Republic of",1,1825-08-06,1848-01-01,1825-08-06,2020-12-31,2016-12-31,2020-12-31,145,145,25,2060,BOL,Latin America & Caribbean,BOL,BOL,,,,,,Bolivia (Plurinational State of),Previously listed as Bolivia,,,068,68,,BOL,,BO,,2009,019,Americas,419,Latin America and the Caribbean,005,South America,,x,,0,,Bolivia,,
Bonaire,Bonaire,Bonaire,0,,,,,,,,,,,,,,,,,,,,,,,,,,,,,,,,,,,,,,,,,,,Netherlands,,
"Bonaire, Saint Eustatius and Saba","Bonaire, Saint Eustatius and Saba","Bonaire, Saint Eustatius and Saba",0,,,,,,,,,,,,,,,535,2010,"Formerly included in Netherlands Antilles (previous numerical code 532). The federation of the Netherlands Antilles was originally assigned code 532, which included data for Aruba. In 1986, Aruba became an autonomous country within the Kingdom of the Netherlands, and was given its own code - 533 - while the code for the Netherlands Antilles was changed to 530. The federation of the Netherlands Antilles was formally dissolved on 10 October 2010. The former Dutch Caribbean dependency ceased to exist with a change of the five islands' constitutional status. Under the new political structure, Curaçao and Sint Maarten (Dutch part) became autonomous countries within the Kingdom of the Netherlands.",,,,,,,535,535,,BES,,BQ,,2010,019,Americas,419,Latin America and the Caribbean,029,Caribbean,,,x,,,Netherlands,Netherlands Antilles,
Bophuthatswana,Bophuthatswana,Bophuthatswana,0,1977,,,1994,,,,,,,,,,,,,,,,,,,,,,,,,,,,,,,,,,,,,,,South Africa,,
Bosnia and Herzegovina,Bosnia and Herzegovina,Bosnia and Herzegovina,1,1992-04-27,1992-04-07,1992-04-27,2020-12-31,2016-12-31,2020-12-31,346,346,150,4025,BIH,Europe & Central Asia,BOS,BOS,070,1992,"Formerly part of the Socialist Federal Republic of Yugoslavia (numerical code 890). Prior to 1 January 1992, referred to the Socialist Federal Republic of Yugoslavia, which was composed of six republics.",,,,,,,070,70,,BIH,,BA,,1992,150,Europe,039,Southern Europe,,,,,,0,,Bosnia and Herzegovina,Yugoslavia SFR,
Botswana,Botswana,"Botswana, Republic of",1,1966-09-30,1966-09-30,1966-09-30,2020-12-31,2016-12-31,2020-12-31,571,571,68,1030,BWA,Sub-Saharan Africa,BOT,BOT,,,,,,,,,,072,72,,BWA,,BW,,,002,Africa,202,Sub-Saharan Africa,018,Southern Africa,,x,,0,,Botswana,,
Bouvet Island,Bouvet Island,Bouvet Island (Bouvetoya),0,,,,,,,,,,,,,,,,,,074,,,,,,074,74,,BVT,,BV,,,019,Americas,419,Latin America and the Caribbean,005,South America,,,,,,Norway,,
Brazil,Brazil,"Brazil, Federative Republic of",1,1822-09-07,1822-09-07,1822-09-07,2020-12-31,2016-12-31,2020-12-31,140,140,19,2070,BRA,Latin America & Caribbean,BRA,BRA,,,,,,,,,,076,76,,BRA,,BR,,,019,Americas,419,Latin America and the Caribbean,005,South America,,,,0,,Brazil,,
British Antarctic Territory,British Antarctic Territory,British Antarctic Territory,0,,,,,,,,,,,,,,,,,,,,,,,,,,,ATB,ATB,,,yes,,,,,,,,,,,,United Kingdom,,
British Virgin Islands,British Virgin Islands,British Virgin Islands,0,,,,,,,,,,2085,VGB,Latin America & Caribbean,,,,,,,,,,,,092,92,,VGB,,VG,,,019,Americas,419,Latin America and the Caribbean,029,Caribbean,,,x,,,United Kingdom,,
British West Indies,British West Indies,British West Indies,0,,,,,,,,,,,,,,,,,,,,,,,,,,,,,,,,,,,,,,,,,,,United Kingdom,,
Brunei,Brunei,Brunei Darussalam,1,1984-01-01,1984-01-01,1984-01-01,2020-12-31,2016-12-31,2020-12-31,835,835,151,3030,BRN,East Asia & Pacific,BRU,BRU,,,,,,Brunei Darussalam,Previously listed as Brunei,,,096,96,,BRN,,BN,,,142,Asia,035,South-eastern Asia,,,,,,0,,Brunei,,
Brunswick,Brunswick,Brunswick,0,,,,,,,,,363,,,,,,,,,,,,,,,,,,,,,,,,,,,,,,,,,,,,
Bulgaria,Bulgaria,"Bulgaria, People's Republic of",1,1878-03-03,1908-10-05,1878-03-03,2020-12-31,2016-12-31,2020-12-31,355,355,152,4030,BGR,Europe & Central Asia,BUL,BUL,,,,,,,,,,100,100,,BGR,,BG,,,150,Europe,151,Eastern Europe,,,,,,0,,Bulgaria,,
Burkina Faso,Burkina Faso,Burkina Faso,1,1960-08-05,1960-08-05,1960-08-05,2020-12-31,2016-12-31,2020-12-31,439,439,54,1035,BFA,Sub-Saharan Africa,BFO,BFO,,,,,,Burkina Faso,Previously listed as Upper Volta,,,854,854,,BFA,,BF,,,002,Africa,202,Sub-Saharan Africa,011,Western Africa,x,x,,0,,Burkina Faso,,Upper Volta
Upper Volta,Burkina Faso,"Upper Volta, Republic of",0,,,,,,,,,,,,,,,,,,,,,,,,,854,,HVO,HVO,HV,HV,,,,,,,,,,,,,,,
Burundi,Burundi,"Burundi, Republic of",1,1962-07-01,1962-07-01,1962-07-01,2020-12-31,2016-12-31,2020-12-31,516,516,69,1040,BDI,Sub-Saharan Africa,BUI,BUI,,,,,,,,,,108,108,,BDI,,BI,,,002,Africa,202,Sub-Saharan Africa,014,Eastern Africa,x,x,,0,,Burundi,,
Cabo Verde,Cabo Verde,"Cabo Verde, Republic of",1,1975-07-05,1975-07-05,1975-07-05,2020-12-31,2016-12-31,2020-12-31,402,402,70,1060,CPV,Sub-Saharan Africa,CAP,CAP,,,,,,Cabo Verde,Previously listed as Cape Verde,,,132,132,,CPV,,CV,,,002,Africa,202,Sub-Saharan Africa,011,Western Africa,,,x,0,,Cabo Verde,,
Cambodia,Cambodia,"Cambodia, Kingdom of",1,1953-11-09,1953-11-09,1953-11-09,2020-12-31,2016-12-31,2020-12-31,811,811,55,3050,KHM,East Asia & Pacific,CAM,CAM,,,,,,Cambodia,Previously listed as Democratic Kampuchea,,,116,116,,KHM,,KH,,,142,Asia,035,South-eastern Asia,,,x,,,0,,Cambodia,,Democratic Kampuchea
Cameroon,Cameroon,"Cameroon, United Republic of",1,1960-01-01,1960-01-01,1960-01-01,2020-12-31,2016-12-31,2020-12-31,471,471,108,1045,CMR,Sub-Saharan Africa,CAO,CAO,,,,,,Cameroon,Previously listed as United Republic of Cameroon,,,120,120,,CMR,,CM,,,002,Africa,202,Sub-Saharan Africa,017,Middle Africa,,,,0,,Cameroon,,United Republic of Cameroon
Canada,Canada,Canada,1,1867-07-01,1920-01-10,1867-07-01,2020-12-31,2016-12-31,2020-12-31,20,20,66,2090,CAN,North America,CAN,CAN,,,,,,,,,,124,124,,CAN,,CA,,,019,Americas,021,Northern America,,,,,,0,,Canada,,
Canton and Enderbury Islands,Canton and Enderbury Islands,Canton and Enderbury Islands,0,,,,,,,,,,,,,,,,,,,,,,128,Merged with Kiribati (numerical code 296).,128,128,,CTE,CTE,CT,CT,"yes, not used",,,,,,,,,,,,Kiribati,,
Cayman Islands,Cayman Islands,Cayman Islands,0,,,,,,,,,,2110,CYM,Latin America & Caribbean,,,,,,,,,,,,136,136,,CYM,,KY,,,019,Americas,419,Latin America and the Caribbean,029,Caribbean,,,,,,United Kingdom,,
Central African Republic,Central African Republic,Central African Republic,1,1960-08-13,1960-08-13,1960-08-13,2020-12-31,2016-12-31,2020-12-31,482,482,71,1070,CAF,Sub-Saharan Africa,CEN,CEN,,,,,,,,,,140,140,,CAF,,CF,,,002,Africa,202,Sub-Saharan Africa,017,Middle Africa,x,x,,0,,Central African Republic,,
Chad,Chad,"Chad, Republic of",1,1960-08-11,1960-08-11,1960-08-11,2020-12-31,2016-12-31,2020-12-31,483,483,109,1080,TCD,Sub-Saharan Africa,CHA,CHA,,,,,,,,,,148,148,,TCD,,TD,,,002,Africa,202,Sub-Saharan Africa,017,Middle Africa,x,x,,0,,Chad,,
Chagos Archipelago,Chagos Archipelago,Chagos Archipelago (British Indian Ocean Territory),0,,,,,,,,,,,,,,,,,,086,"The position of the United Nations concerning the Chagos Archipelago and the ‘British Indian Ocean Territory’ is contained in General Assembly resolution 73/295 of 22 May 2019, entitled ‘Advisory opinion of the International Court of Justice on the legal consequences of the separation of the Chagos Archipelago from Mauritius in 1965’.",,,,,086,86,,IOT,,IO,,,002,Africa,202,Sub-Saharan Africa,014,Eastern Africa,,,,,,United Kingdom,,
Channel Islands,Channel Islands,Channel Islands,0,,,,,,,,,,,CHI,Europe & Central Asia,,,,,,,,,,,,,830,,,,,,,,,,,,,,,,,,United Kingdom,,
Chechnya,Chechnya,Chechnya,0,,,,,,,,,,,,,,,,,,,,,,,,,,,,,,,,,,,,,,,,,,,,,
Chile,Chile,"Chile, Republic of",1,1818-04-01,1839-01-01,1818-04-01,2020-12-31,2016-12-31,2020-12-31,155,155,72,2120,CHL,Latin America & Caribbean,CHL,CHL,,,,,,,,,,152,152,,CHL,,CL,,,019,Americas,419,Latin America and the Caribbean,005,South America,,,,0,,Chile,,
China,China,"China, People's Republic of",1,1816-01-01,1860-10-25,1816-01-01,2020-12-31,2016-12-31,2020-12-31,710,710,110,3068,CHN,East Asia & Pacific,CHN,CHN,,,,,,,,,,156,156,,CHN,,CN,,,142,Asia,030,Eastern Asia,,,,,,0,,China,,
Christmas Island,Christmas Island,Christmas Island,0,,,,,,,,,,,,,,,,,,162,,,,,,162,162,,CXR,,CX,,,009,Oceania,053,Australia and New Zealand,,,,,,,,Australia,,
Ciskei,Ciskei,Ciskei,0,1981,,,1994,,,,,,,,,,,,,,,,,,,,,,,,,,,,,,,,,,,,,,,,,
Clipperton Island,Clipperton Island,Clipperton Island,0,,,,,,,,,,,,,,,,,,,,,,,,,,,,,,,,,,,,,,,,,,,France,,
Cocos (Keeling) Islands,Cocos (Keeling) Islands,Cocos (Keeling) Islands,0,,,,,,,,,,,,,,,,,,166,,,,,,166,166,,CCK,,CC,,,009,Oceania,053,Australia and New Zealand,,,,,,,,Australia,,
Colombia,Colombia,"Colombia, Republic of",1,1830-09-23,1831-01-01,1830-09-23,2020-12-31,2016-12-31,2020-12-31,100,100,15,2130,COL,Latin America & Caribbean,COL,COL,,,,,,,,,,170,170,,COL,,CO,,,019,Americas,419,Latin America and the Caribbean,005,South America,,,,0,,Colombia,,
Comoros,Comoros,"Comoros, Union of the",1,1975-07-06,1975-12-31,1975-07-06,2020-12-31,2016-12-31,2020-12-31,581,581,153,1090,COM,Sub-Saharan Africa,COM,COM,,,,,,,,,,174,174,,COM,,KM,,,002,Africa,202,Sub-Saharan Africa,014,Eastern Africa,x,,x,0,,Comoros,,
Congo,Congo,"Congo, People's Republic of",1,1960-08-15,1960-08-15,1960-08-15,2020-12-31,2016-12-31,2020-12-31,484,484,112,1100,COG,Sub-Saharan Africa,CON,CON,,,,,,,,,,178,178,,COG,,CG,,,002,Africa,202,Sub-Saharan Africa,017,Middle Africa,,,,0,,Congo,,
Cook Islands,Cook Islands,Cook Islands,0,,,,,,,,,,5060,,,,,,,,,,,,,,184,184,,COK,,CK,,,009,Oceania,061,Polynesia,,,,,x,,,New Zealand,,
Coral Sea Islands,Coral Sea Islands,Coral Sea Islands,0,,,,,,,,,,,,,,,,,,,,,,,,,,,,,,,,,,,,,,,,,,Australia,Australia,,
Corsica,Corsica,Corsica,0,,,,,,,,,,,,,,,,,,,,,,,,,,,,,,,,,,,,,,,,,,,France,,
Costa Rica,Costa Rica,"Costa Rica, Republic of",1,1840-01-01,1920-01-01,1840-01-01,2020-12-31,2016-12-31,2020-12-31,94,94,73,2140,CRI,Latin America & Caribbean,COS,COS,,,,,,,,,,188,188,,CRI,,CR,,,019,Americas,419,Latin America and the Caribbean,013,Central America,,,,0,,Costa Rica,,
Cote d'Ivoire,Cote d'Ivoire,"Cote d'Ivoire, Republic of the",1,1960-08-07,1960-08-07,1960-08-07,2020-12-31,2016-12-31,2020-12-31,437,437,64,1115,CIV,Sub-Saharan Africa,CDI,CDI,,,,,,Côte d'Ivoire,Previously listed as Ivory Coast,,,384,384,,CIV,,CI,,,002,Africa,202,Sub-Saharan Africa,011,Western Africa,,,,0,,Côte d’Ivoire,,Ivory Coast
Croatia,Croatia,Croatia (Hrvatska),1,1991-06-25,1992-01-15,1992-04-27,2020-12-31,2016-12-31,2020-12-31,344,344,154,4038,HRV,Europe & Central Asia,CRO,CRO,191,1992,"Formerly part of the Socialist Federal Republic of Yugoslavia (numerical code 890). Prior to 1 January 1992, referred to the Socialist Federal Republic of Yugoslavia, which was composed of six republics.",,,,,,,191,191,,HRV,,HR,,1992,150,Europe,039,Southern Europe,,,,,,0,,Croatia,Yugoslavia SFR,
Cuba,Cuba,"Cuba, Republic of",0,1902-05-20,1902-05-20,1902-05-20,1906-09-25,1906-09-25,,40,40,155,2150,CUB,Latin America & Caribbean,CUB,CUB,,,,,,,,,,192,192,,CUB,,CU,,,019,Americas,419,Latin America and the Caribbean,029,Caribbean,,,x,0,,Cuba,,
Cuba,Cuba,"Cuba, Republic of",1,1909-01-23,1909-01-23,,2020-12-31,2016-12-31,2020-12-31,40,40,155,2150,CUB,Latin America & Caribbean,CUB,CUB,,,,,,,,,,192,192,,CUB,,CU,,,019,Americas,419,Latin America and the Caribbean,029,Caribbean,,,x,0,,Cuba,,
Curaçao,Curaçao,Curaçao,0,,,,,,,,,,,CUW,Latin America & Caribbean,,,531,2010,"Formerly included in Netherlands Antilles (previous numerical code 532). The federation of the Netherlands Antilles was originally assigned code 532, which included data for Aruba. In 1986, Aruba became an autonomous country within the Kingdom of the Netherlands, and was given its own code - 533 - while the code for the Netherlands Antilles was changed to 530. The federation of the Netherlands Antilles was formally dissolved on 10 October 2010. The former Dutch Caribbean dependency ceased to exist with a change of the five islands' constitutional status. Under the new political structure, Curaçao and Sint Maarten (Dutch part) became autonomous countries within the Kingdom of the Netherlands.",,,,,,,531,531,,CUW,,CW,,2010,019,Americas,419,Latin America and the Caribbean,029,Caribbean,,,x,,,Netherlands,Netherlands Antilles,
Cyprus,Cyprus,"Cyprus, Republic of",1,1960-08-16,1960-08-16,1960-08-16,2020-12-31,2016-12-31,2020-12-31,352,352,156,3080,CYP,Europe & Central Asia,CYP,CYP,,,,,,,,,,196,196,,CYP,,CY,,,142,Asia,145,Western Asia,,,,,,0,,Cyprus,,
"Cyprus, Greek","Cyprus, Greek","Cyprus, Greek",0,1983,,,,,,,,,,,,,,,,,,,,,,,,,,,,,,,,,,,,,,,,,,,,
"Cyprus, Turkish","Cyprus, Turkish","Cyprus, Turkish",0,1983,,,,,,,,,,,,,,,,,,,,,,,,,,,,,,,,,,,,,,,,,,,,
Czechoslovakia,Czechia / Czechoslovakia,Czechoslovak Socialist Republic,0,1918-10-28,1918-10-28,1918-11-11,1939-03-15,1939-03-15,,315,315,157,4040,,Europe & Central Asia,CZE,CZE,,,,,,,,200,"As of 1 January 1993, refer to the Czech Republic (code 203) and Slovakia (code 703)",,200,,CSK,CSK,CS,CS,"yes, not used",150,Europe,151,Eastern Europe,,,,,,0,,Czechoslovakia,,
Czechoslovakia,Czechia / Czechoslovakia,Czechoslovak Socialist Republic,1,1945-05-10,1945-05-10,,1992-12-31,1992-12-31,1992-12-31,315,315,157,4040,,Europe & Central Asia,CZE,CZE,,,,,,,,200,"As of 1 January 1993, refer to the Czech Republic (code 203) and Slovakia (code 703)",200,200,,CSK,CSK,CS,CS,"yes, not used",150,Europe,151,Eastern Europe,,,,,,0,,Czechoslovakia,,
Czechia,Czechia / Czechoslovakia,Czechia,1,1993-01-01,1993-01-01,1993-01-01,2020-12-31,2016-12-31,2020-12-31,316,316,157,4045,CZE,Europe & Central Asia,CZR,CZR,203,1993,Formerly part of Czechoslovakia (numerical code 200).,,,Czechia,Previously listed as Czech Republic,,,203,203,,CZE,,CZ,,1993,150,Europe,151,Eastern Europe,,,,,,0,,Czechia,Czechoslovakia,
Democratic Republic of the Congo,Democratic Republic of the Congo,"Congo, Democratic Republic of",1,1960-06-30,1960-06-30,1960-06-30,2020-12-31,2016-12-31,2020-12-31,490,490,111,1555,COD,Sub-Saharan Africa,DRC,DRC,,,,,,Democratic Republic of the Congo,Previously listed as Zaire,,,180,180,,COD,,CD,,,002,Africa,202,Sub-Saharan Africa,017,Middle Africa,x,,,0,,Democratic Republic of the Congo,,"Zaire, Republic of"
Denmark,Denmark,"Denmark, Kingdom of",0,1816-01-01,1816-01-01,1816-01-01,1940-04-09,1940-04-09,,390,390,158,4050,DNK,Europe & Central Asia,DEN,DEN,,,,,,,,,,208,208,,DNK,,DK,,,150,Europe,154,Northern Europe,,,,,,0,,Denmark,,
Denmark,Denmark,"Denmark, Kingdom of",1,1945-05-07,1945-05-07,,2020-12-31,2016-12-31,2020-12-31,390,390,158,4050,DNK,Europe & Central Asia,DEN,DEN,,,,,,,,,,208,208,,DNK,,DK,,,150,Europe,154,Northern Europe,,,,,,0,,Denmark,,
"Dhekelia Base, Cyprus","Dhekelia Base, Cyprus",Dhekelia Sovereign Base Area,0,,,,,,,,,,,,,,,,,,,,,,,,,,,,,,,,,,,,,,,,,,,United Kingdom,,
Diego Garcia,Diego Garcia,Diego Garcia,0,,,,,,,,,,,,,,,,,,,,,,,,,,,,,,,,,,,,,,,,,,,United Kingdom,,
Djibouti,Djibouti,"Djibouti, Republic of",1,1977-06-27,1977-06-27,1977-06-27,2020-12-31,2016-12-31,2020-12-31,522,522,113,1120,DJI,Middle East & North Africa,DJI,DJI,,,,,,,,,,262,262,,DJI,,DJ,,,002,Africa,202,Sub-Saharan Africa,014,Eastern Africa,x,,,0,,Djibouti,,French Afars and Issas
Dominica,Dominica,"Dominica, Commonwealth of",1,1978-11-03,1978-11-03,1978-11-03,2020-12-31,2016-12-31,2020-12-31,54,54,,2160,DMA,Latin America & Caribbean,DMA,DMA,,,,,,,,,,212,212,,DMA,,DM,,,019,Americas,419,Latin America and the Caribbean,029,Caribbean,,,x,1,,Dominica,,
Dominican Republic,Dominican Republic,Dominican Republic,0,1844-02-27,1894-01-01,1844-02-27,1916-11-29,1916-11-29,,42,42,114,2170,DOM,Latin America & Caribbean,DOM,DOM,,,,,,,,,,214,214,,DOM,,DO,,,019,Americas,419,Latin America and the Caribbean,029,Caribbean,,,x,0,,Dominican Republic,,
Dominican Republic,Dominican Republic,Dominican Republic,1,1924-09-29,1924-09-29,,2020-12-31,2016-12-31,2020-12-31,42,42,114,2170,DOM,Latin America & Caribbean,DOM,DOM,,,,,,,,,,214,214,,DOM,,DO,,,019,Americas,419,Latin America and the Caribbean,029,Caribbean,,,x,0,,Dominican Republic,,
Dronning Maud Land,Dronning Maud Land,Dronning Maud Land,0,,,,,,,,,,,,,,,,,,,,,,,,,216,,ATN,ATN,NQ,NQ,yes,,,,,,,,,,,,Norway,,
East Germany,East Germany,German Democratic Republic,1,1949-10-05,1954-03-25,1949-10-05,1990-10-02,1990-10-02,1990-10-02,265,265,137,4090,,Europe & Central Asia,GDR,GDR,,,,,,,,278,"Through accession of the German Democratic Republic (numerical code 278) to the Federal Republic of Germany (numerical code 280), with effect from 3 October 1990, the two German States have united to form one sovereign State. As from the date of unification, the Federal Republic of Germany acts in the United Nations under the designation ""Germany"" (numerical code 276).",278,278,,DDR,DDR,DD,DD,"yes, not used",150,Europe,151,Eastern Europe,,,,,,0,,East Germany,,
Ecuador,Ecuador,"Ecuador, Republic of",1,1830-05-13,1854-01-01,1830-05-13,2020-12-31,2016-12-31,2020-12-31,130,130,75,2180,ECU,Latin America & Caribbean,ECU,ECU,,,,,,,,,,218,218,,ECU,,EC,,,019,Americas,419,Latin America and the Caribbean,005,South America,,,,0,,Ecuador,,
Egypt,Egypt,"Egypt, Arab Republic of",0,1827-01-01,1855-01-01,1827-01-01,1882-09-15,1882-09-15,1855-12-31,651,651,13,1125,EGY,Middle East & North Africa,EGY,EGY,,,,,,,,,,818,818,,EGY,,EG,,,002,Africa,015,Northern Africa,,,,,,0,,Egypt,,
Egypt,Egypt,"Egypt, Arab Republic of",1,1922-02-28,1937-05-26,1922-02-28,2020-12-31,2016-12-31,2020-12-31,651,651,13,1125,EGY,Middle East & North Africa,EGY,EGY,,,,,,,,,,818,818,,EGY,,EG,,,002,Africa,015,Northern Africa,,,,,,0,,Egypt,,
El Salvador,El Salvador,"El Salvador, Republic of",1,1840-01-01,1875-01-01,1840-01-01,2020-12-31,2016-12-31,2020-12-31,92,92,22,2190,SLV,Latin America & Caribbean,SAL,SAL,,,,,,,,,,222,222,,SLV,,SV,,,019,Americas,419,Latin America and the Caribbean,013,Central America,,,,0,,El Salvador,,
England and Wales,England and Wales,England and Wales,0,,,,,,,,,,4310,,,,,,,,,,,,,,,,,,,,,,,,,,,,,,,,,United Kingdom,,
Equatorial Guinea,Equatorial Guinea,"Equatorial Guinea, Republic of",1,1968-10-12,1968-10-12,1968-10-12,2020-12-31,2016-12-31,2020-12-31,411,411,160,1130,GNQ,Sub-Saharan Africa,EQG,EQG,,,,,,,,,,226,226,,GNQ,,GQ,,,002,Africa,202,Sub-Saharan Africa,017,Middle Africa,,,,0,,Equatorial Guinea,,
Eritrea,Eritrea,Eritrea,1,1993-05-24,1993-05-24,1993-05-24,2020-12-31,2016-12-31,2020-12-31,531,531,115,1135,ERI,Sub-Saharan Africa,ERI,ERI,232,1993,Formerly part of Ethiopia (numerical code 230).,,,,,,,232,232,,ERI,,ER,,1993,002,Africa,202,Sub-Saharan Africa,014,Eastern Africa,x,,,0,,Eritrea,Ethiopia,
Estonia,Estonia,Estonia,0,1918-02-24,1918-02-24,1918-11-11,1940-06-01,1940-06-16,1940-06-01,366,366,161,4055,EST,Europe & Central Asia,EST,EST,233,1991,"Formerly part of the Union of Soviet Socialist Republics (numerical code 810). In 1991, the Union of Soviet Socialist Republics formally dissolved into 15 independent countries: Armenia, Azerbaijan, Belarus, Estonia, Georgia, Kazakhstan, Kyrgyzstan, Latvia, Lithuania, Republic of Moldova, Russian Federation, Tajikistan, Turkmenistan, Ukraine and Uzbekistan.",,,,,,,233,233,,EST,,EE,,1991,150,Europe,154,Northern Europe,,,,,,0,,Estonia,Soviet Union,
Estonia,Estonia,Estonia,1,1991-09-06,1991-09-06,1991-09-06,2020-12-31,2016-12-31,2020-12-31,366,366,161,4055,EST,Europe & Central Asia,EST,EST,233,1991,"Formerly part of the Union of Soviet Socialist Republics (numerical code 810). In 1991, the Union of Soviet Socialist Republics formally dissolved into 15 independent countries: Armenia, Azerbaijan, Belarus, Estonia, Georgia, Kazakhstan, Kyrgyzstan, Latvia, Lithuania, Republic of Moldova, Russian Federation, Tajikistan, Turkmenistan, Ukraine and Uzbekistan.",,,,,,,233,233,,EST,,EE,,1991,150,Europe,154,Northern Europe,,,,,,0,,Estonia,Soviet Union,
Eswatini,Eswatini,"Eswatini, Kingdom of",1,1968-09-06,1968-09-06,1968-09-06,2020-12-31,2016-12-31,2020-12-31,572,572,132,1480,SWZ,Sub-Saharan Africa,SWA,SWA,,,,,,Eswatini,Previously listed as Swaziland,,,748,748,,SWZ,,SZ,,,002,Africa,202,Sub-Saharan Africa,018,Southern Africa,,x,,0,,Eswatini,,
Ethiopia,Ethiopia,Ethiopia,0,1855-02-11,1898-01-01,1855-02-11,1936-05-05,1936-05-05,,530,530,38,1140,ETH,Sub-Saharan Africa,ETH,ETH,231,1993,Formerly part of Ethiopia (numerical code 230).,,,,,230,,231,230,,ETH,ETH,ET,ET,"1993, not used",002,Africa,202,Sub-Saharan Africa,014,Eastern Africa,x,x,,0,,Ethiopia,,
Ethiopia,Ethiopia,Ethiopia,1,1941-05-05,1941-05-05,,1992,,,530,530,38,1140,ETH,Sub-Saharan Africa,ETH,ETH,231,1993,Formerly part of Ethiopia (numerical code 230).,,,,,230,,231,230,,ETH,ETH,ET,ET,"1993, not used",002,Africa,202,Sub-Saharan Africa,014,Eastern Africa,x,x,,0,,Ethiopia,,
"Ethiopia, FDR",Ethiopia,"Ethiopia, Federal Democratic Republic of",1,1993-05-24,,,2020-12-31,2016-12-31,2020-12-31,530,530,38,1140,ETH,Sub-Saharan Africa,ETH,ETH,231,1993,Formerly part of Ethiopia (numerical code 230).,,,,,230,,231,230,,ETH,ETP,ET,,1993,002,Africa,202,Sub-Saharan Africa,014,Eastern Africa,x,x,,0,,"Ethiopia, FDR",Ethiopia,
"Etorofu, Habomai, Kunashiri and Shikotan Islands","Etorofu, Habomai, Kunashiri and Shikotan Islands","Etorofu, Habomai, Kunashiri and Shikotan Islands",0,,,,,,,,,,,,,,,,,,,,,,,,,,,,,,,,,,,,,,,,,,,"occupied by the Soviet Union in 1945, administered by Russia, claimed by Japan",,
Europa Island,Europa Island,Europa Island,0,,,,,,,,,,,,,,,,,,,,,,,,,,,,,,,,,,,,,,,,,,Reunion,France,,
Faeroe Islands,Faeroe Islands,Faeroe Islands,0,,,,,,,,,,,FRO,Europe & Central Asia,,,,,,,,,,,,234,234,,FRO,,FO,,,150,Europe,154,Northern Europe,,,,,,,,Denmark,,
Falkland Islands (Malvinas),Falkland Islands (Malvinas),Falkland Islands (Malvinas),0,,,,,,,,,,2200,,,,,,,,,,,,,,238,238,,FLK,,FK,,,019,Americas,419,Latin America and the Caribbean,005,South America,,,,,,United Kingdom,,
Fiji,Fiji,Republic of the Fiji Islands,1,1970-10-10,1970-10-10,1970-10-10,2020-12-31,2016-12-31,2020-12-31,950,950,162,5070,FJI,East Asia & Pacific,FIJ,FJI,,,,,,,,,,242,242,,FJI,,FJ,,,009,Oceania,054,Melanesia,,,,,x,0,,Fiji,,
Finland,Finland,"Finland, Republic of",1,1917-12-06,1917-12-06,1917-12-06,2020-12-31,2016-12-31,2020-12-31,375,375,163,4070,FIN,Europe & Central Asia,FIN,FIN,,,,,,,,,,246,246,,FIN,,FI,,,150,Europe,154,Northern Europe,,,,,,0,,Finland,,
France,France,French Republic,0,1816-01-01,1816-01-01,1816-01-01,1942-11-11,1942-11-11,,220,220,76,4080,FRA,Europe & Central Asia,FRN,FRN,,,,,,,,,,250,250,,FRA,,FR,,,150,Europe,155,Western Europe,,,,,,0,,France,,
France,France,French Republic,1,1944-08-25,1944-08-25,,2020-12-31,2016-12-31,2020-12-31,220,220,76,4080,FRA,Europe & Central Asia,FRN,FRN,,,,,,,,,,250,250,,FRA,,FR,,,150,Europe,155,Western Europe,,,,,,0,,France,,
"France, Metropolitan","France, Metropolitan","France, Metropolitan",0,,,,,,,,,,,,,,,,,,,,,,,,,249,,FXX,FXX,FX,FX,yes,,,,,,,,,,,,France,,
French Afars and Issas,French Afars and Issas,French Afars and Issas,0,,,,,,,,,,,,,,,,,,,,,,,,,262,,AFI,AFI,AI,AI,yes,,,,,,,,,,,,France,,
French Guiana,French Guiana,French Guiana,0,,,,,,,,,,2210,,,,,,,,,,,,,,254,254,,GUF,,GF,,,019,Americas,419,Latin America and the Caribbean,005,South America,,,,,,France,,
French Polynesia,French Polynesia,French Polynesia,0,,,,,,,,,,,PYF,East Asia & Pacific,,,,,,,,,,,,258,258,,PYF,,PF,,,009,Oceania,061,Polynesia,,,,,x,,Clipperton Island,France,,
Gabon,Gabon,Gabonese Republic,1,1960-08-17,1960-08-17,1960-08-17,2020-12-31,2016-12-31,2020-12-31,481,481,116,1160,GAB,Sub-Saharan Africa,GAB,GAB,,,,,,,,,,266,266,,GAB,,GA,,,002,Africa,202,Sub-Saharan Africa,017,Middle Africa,,,,0,,Gabon,,
Gambia,Gambia,"Gambia, Republic of the",1,1965-02-18,1965-02-18,1965-02-18,2020-12-31,2016-12-31,2020-12-31,420,420,117,1170,GMB,Sub-Saharan Africa,GAM,GAM,,,,,,,,,,270,270,,GMB,,GM,,,002,Africa,202,Sub-Saharan Africa,011,Western Africa,x,,,0,,Gambia,,
Georgia,Georgia,Georgia,1,1991-09-06,1991-12-26,1991-12-21,2020-12-31,2016-12-31,2020-12-31,372,372,118,4084,GEO,Europe & Central Asia,GRG,GRG,268,1991,"Formerly part of the Union of Soviet Socialist Republics (numerical code 810). In 1991, the Union of Soviet Socialist Republics formally dissolved into 15 independent countries: Armenia, Azerbaijan, Belarus, Estonia, Georgia, Kazakhstan, Kyrgyzstan, Latvia, Lithuania, Republic of Moldova, Russian Federation, Tajikistan, Turkmenistan, Ukraine and Uzbekistan.",,,,,,,268,268,,GEO,,GE,,1991,142,Asia,145,Western Asia,,,,,,0,,Georgia,Soviet Union,
Germany,Germany,Germany,0,1816-01-01,1816-01-01,1816-01-01,1945-05-08,1945-05-08,1945-05-07,255,255,77,4085,DEU,Europe & Central Asia,GMY,GMY,276,1990,"Through accession of the German Democratic Republic (numerical code 278) to the Federal Republic of Germany (numerical code 280), with effect from 3 October 1990, the two German States have united to form one sovereign State. As from the date of unification, the Federal Republic of Germany acts in the United Nations under the designation ""Germany"" (numerical code 276).",,,,,280,"Through accession of the German Democratic Republic (numerical code 278) to the Federal Republic of Germany (numerical code 280), with effect from 3 October 1990, the two German States have united to form one sovereign State. As from the date of unification, the Federal Republic of Germany acts in the United Nations under the designation ""Germany"" (numerical code 276).",276,276,,DEU,,DE,,1990,150,Europe,155,Western Europe,,,,,,0,,Germany,,
West Germany,Germany,"Germany, Federal Republic of",1,1949-09-21,1955-05-05,1949-09-21,1990-10-02,1990-10-02,,260,260,77,4100,DEU,Europe & Central Asia,GFR,GFR,276,1990,"Through accession of the German Democratic Republic (numerical code 278) to the Federal Republic of Germany (numerical code 280), with effect from 3 October 1990, the two German States have united to form one sovereign State. As from the date of unification, the Federal Republic of Germany acts in the United Nations under the designation ""Germany"" (numerical code 276).",,,,,280,"Through accession of the German Democratic Republic (numerical code 278) to the Federal Republic of Germany (numerical code 280), with effect from 3 October 1990, the two German States have united to form one sovereign State. As from the date of unification, the Federal Republic of Germany acts in the United Nations under the designation ""Germany"" (numerical code 276).",280,280,,DEU,DEU,DE,DE,1990,150,Europe,155,Western Europe,,,,,,0,,Germany,,
Germany,Germany,"Germany, Federal Republic of",1,1990-10-03,1990-10-03,,2020-12-31,2016-12-31,2020-12-31,255,260,77,4085,DEU,Europe & Central Asia,GMY,GFR,276,1990,"Through accession of the German Democratic Republic (numerical code 278) to the Federal Republic of Germany (numerical code 280), with effect from 3 October 1990, the two German States have united to form one sovereign State. As from the date of unification, the Federal Republic of Germany acts in the United Nations under the designation ""Germany"" (numerical code 276).",,,,,280,"Through accession of the German Democratic Republic (numerical code 278) to the Federal Republic of Germany (numerical code 280), with effect from 3 October 1990, the two German States have united to form one sovereign State. As from the date of unification, the Federal Republic of Germany acts in the United Nations under the designation ""Germany"" (numerical code 276).",276,276,,DEU,,DE,,1990,150,Europe,155,Western Europe,,,,,,0,,Germany,,
Ghana,Ghana,"Ghana, Republic of",1,1957-03-06,1957-03-06,1957-03-06,2020-12-31,2016-12-31,2020-12-31,452,452,7,1180,GHA,Sub-Saharan Africa,GHA,GHA,,,,,,,,,,288,288,,GHA,,GH,,,002,Africa,202,Sub-Saharan Africa,011,Western Africa,,,,0,,Ghana,,
Gibraltar,Gibraltar,Gibraltar,0,,,,,,,,,,,GIB,Europe & Central Asia,,,,,,,,,,,,292,292,,GIB,,GI,,,150,Europe,039,Southern Europe,,,,,,,,United Kingdom,,
Gilbert and Ellice Islands,Gilbert and Ellice Islands,Gilbert and Ellice Islands,0,,,,,,,,,,,,,,,,,,,,,,,,,,,GEL,GEL,GE,GE,yes,,,,,,,,,,,,United Kingdom,,
Glorioso Islands,Glorioso Islands,Glorioso Islands,0,,,,,,,,,,,,,,,,,,,,,,,,,,,,,,,,,,,,,,,,,,Reunion,France,,
Great Colombia,Great Colombia,Great Colombia,0,1821-08-30,,1821-08-30,1830-09-22,,1830-09-22,,99,,,,,,GCL,,,,,,,,,,,,,,,,,,,,,,,,,,,0,,,,
Greece,Greece,"Greece, Hellenic Republic",0,1828-01-01,1828-01-01,1828-04-25,1941-04-23,1941-04-23,,350,350,164,4140,GRC,Europe & Central Asia,GRC,GRC,,,,,,,,,,300,300,,GRC,,GR,,,150,Europe,039,Southern Europe,,,,,,0,,Greece,,
Greece,Greece,"Greece, Hellenic Republic",1,1944-10-13,1944-10-13,,2020-12-31,2016-12-31,2020-12-31,350,350,164,4140,GRC,Europe & Central Asia,GRC,GRC,,,,,,,,,,300,300,,GRC,,GR,,,150,Europe,039,Southern Europe,,,,,,0,,Greece,,
Greenland,Greenland,Greenland,0,,,,,,,,,,,GRL,Europe & Central Asia,,,,,,,,,,,,304,304,,GRL,,GL,,,019,Americas,021,Northern America,,,,,,,,Denmark,,
Grenada,Grenada,Grenada,1,1974-02-07,1974-02-07,1974-02-07,2020-12-31,2016-12-31,2020-12-31,55,55,,2230,GRD,Latin America & Caribbean,GRN,GRN,,,,,,,,,,308,308,,GRD,,GD,,,019,Americas,419,Latin America and the Caribbean,029,Caribbean,,,x,1,,Grenada,,
Guadeloupe,Guadeloupe,Guadeloupe,0,,,,,,,,,,2240,,,,,,,,,,,,,,312,312,,GLP,,GP,,,019,Americas,419,Latin America and the Caribbean,029,Caribbean,,,,,,France,,
Guam,Guam,Guam,0,,,,,,,,,,,GUM,East Asia & Pacific,,,,,,,,,,,,316,316,,GUM,,GU,,,009,Oceania,057,Micronesia,,,,,x,,,United States of America,,
Guantanamo,Guantanamo,Guantanamo,0,,,,,,,,,,,,,,,,,,,,,,,,,,,,,,,,,,,,,,,,,,,United States of America,,
Guatemala,Guatemala,"Guatemala, Republic of",1,1840-01-01,1868-01-01,1840-01-01,2020-12-31,2016-12-31,2020-12-31,90,90,78,2250,GTM,Latin America & Caribbean,GUA,GUA,,,,,,,,,,320,320,,GTM,,GT,,,019,Americas,419,Latin America and the Caribbean,013,Central America,,,,0,,Guatemala,,
Guernsey,Guernsey,Guernsey,0,,,,,,,,,,,,,,,831,2005,"Part of the Channel Islands (numerical code 830), issued a separate numerical code in 2005",,,,,,,831,831,,GGY,,GG,,2005,150,Europe,154,Northern Europe,830,Channel Islands,,,,,,United Kingdom,,
Guinea,Guinea,"Guinea, Revolutionary People's Republic of",1,1958-10-02,1958-10-02,1958-10-02,2020-12-31,2016-12-31,2020-12-31,438,438,63,1190,GIN,Sub-Saharan Africa,GUI,GUI,,,,,,,,,,324,324,,GIN,,GN,,,002,Africa,202,Sub-Saharan Africa,011,Western Africa,x,,,0,,Guinea,,
Guinea-Bissau,Guinea-Bissau,"Guinea-Bissau, Republic of",1,1974-09-10,1974-09-10,1974-09-10,2020-12-31,2016-12-31,2020-12-31,404,404,119,1192,GNB,Sub-Saharan Africa,GNB,GNB,,,,,,,,,,624,624,,GNB,,GW,,,002,Africa,202,Sub-Saharan Africa,011,Western Africa,x,,x,0,,Guinea-Bissau,,
Guyana,Guyana,"Guyana, Republic of",1,1966-05-26,1966-05-26,1966-05-26,2020-12-31,2016-12-31,2020-12-31,110,110,166,2260,GUY,Latin America & Caribbean,GUY,GUY,,,,,,,,,,328,328,,GUY,,GY,,,019,Americas,419,Latin America and the Caribbean,005,South America,,,x,0,,Guyana,,
Haiti,Haiti,"Haiti, Republic of",0,1816-01-01,1859-01-01,1816-01-01,1915-07-04,1915-07-28,1915-07-04,41,41,26,2270,HTI,Latin America & Caribbean,HAI,HAI,,,,,,,,,,332,332,,HTI,,HT,,,019,Americas,419,Latin America and the Caribbean,029,Caribbean,x,,x,0,,Haiti,,
Haiti,Haiti,"Haiti, Republic of",1,1934-08-15,1934-08-15,1934-08-15,2020-12-31,2016-12-31,2020-12-31,41,41,26,2270,HTI,Latin America & Caribbean,HAI,HAI,,,,,,,,,,332,332,,HTI,,HT,,,019,Americas,419,Latin America and the Caribbean,029,Caribbean,x,,x,0,,Haiti,,
Hamburg,Hamburg,Hamburg,0,,,,,,,,,362,,,,,,,,,,,,,,,,,,,,,,,,,,,,,,,,,,,,
Hanover,Hanover,Hanover,0,1816-01-01,1837-06-20,1816-01-01,1871-01-17,1866-07-26,1871-01-17,240,240,357,,,,HAN,HAN,,,,,,,,,,,,,,,,,,,,,,,,,,,0,,Germany,,
Heard Island and McDonald Islands,Heard Island and McDonald Islands,Heard Island and McDonald Islands,0,,,,,,,,,,,,,,,,,,334,,,,,,334,334,,HMD,,HM,,,009,Oceania,053,Australia and New Zealand,,,,,,,,Australia,,
Hesse (Ducal),Hesse (Ducal),Hesse-Darmstadt (Grand Ducal/Duchy),0,1816-01-01,1816-01-01,1816-01-01,1871-01-17,1867-04-17,1871-01-17,275,275,359,,,,HSG,HSD,,,,,,,,,,,,,,,,,,,,,,,,,,,0,,Germany,,
Hesse (Electoral),Hesse (Electoral),Hesse-Kassel (Electoral),0,1816-01-01,1816-01-01,1816-01-01,1871-01-17,1866-07-26,1871-01-17,273,273,358,,,,HSE,HSE,,,,,,,,,,,,,,,,,,,,,,,,,,,0,,Germany,,
Honduras,Honduras,"Honduras, Republic of",1,1840-01-01,1899-01-01,1840-01-01,2020-12-31,2016-12-31,2020-12-31,91,91,27,2280,HND,Latin America & Caribbean,HON,HON,,,,,,,,,,340,340,,HND,,HN,,,019,Americas,419,Latin America and the Caribbean,013,Central America,,,,0,,Honduras,,
British Honduras,Honduras,British Honduras,0,1862,,,1981,,,,,,,,,,,,,,,,,,,,,,,,,,,,,,,,,,,,,,,United Kingdom,,
Hong Kong,Hong Kong,"China, Hong Kong Special Administrative Region",0,1842,,,,,,,,167,3090,HKG,East Asia & Pacific,,,,,,,,"China, Hong Kong Special Administrative Region","Pursuant to a Joint Declaration signed on 19 December 1984, the United Kingdom of Great Britain and Northern Ireland restored Hong Kong to the People's Republic of China with effect from 1 July 1997; the People's Republic of China resumed the exercise of sovereignty over the territory with effect from that date.",,,344,344,,HKG,,HK,,,142,Asia,030,Eastern Asia,,,,,,,,China,,
Howland Island,Howland Island,Howland Island,0,,,,,,,,,,,,,,,,,,,,,,,,,,,,,,,,,,,,,,,,,,US Minor Outlying Islands,United States of America,,
Hungary,Hungary,Hungarian People's Republic,1,1918-11-03,1918-11-16,1918-11-03,2020-12-31,2016-12-31,2020-12-31,310,310,210,4150,HUN,Europe & Central Asia,HUN,HUN,,,,,,,,,,348,348,,HUN,,HU,,,150,Europe,151,Eastern Europe,,,,,,0,,Hungary,,
Iceland,Iceland,"Iceland, Republic of",1,1944-06-17,1944-06-17,1944-06-17,2020-12-31,2016-12-31,2020-12-31,395,395,168,4160,ISL,Europe & Central Asia,ICE,ICE,,,,,,,,,,352,352,,ISL,,IS,,,150,Europe,154,Northern Europe,,,,,,0,,Iceland,,
India,India,"India, Republic of",1,1947-08-15,1947-08-15,1947-08-15,2020-12-31,2016-12-31,2020-12-31,750,750,39,3100,IND,South Asia,IND,IND,,,,,,,,,,356,356,,IND,,IN,,,142,Asia,034,Southern Asia,,,,,,0,,India,,
Indian Kashmir,Indian Kashmir,Indian Kashmir,0,,,,,,,,,,,,,,,,,,,,,,,,,,,,,,,,,,,,,,,,,,,India,,
Indonesia,Indonesia,"Indonesia, Republic of",1,1945-08-17,1949-12-27,1945-08-17,2020-12-31,2016-12-31,2020-12-31,850,850,56,3110,IDN,East Asia & Pacific,INS,INS,,,,,,,,,,360,360,,IDN,,ID,,,142,Asia,035,South-eastern Asia,,,,,,0,,Indonesia,,
Iran,Iran,"Iran, Islamic Republic of",1,1816-01-01,1855-01-01,1816-01-01,2020-12-31,2016-12-31,2020-12-31,630,630,79,3130,IRN,Middle East & North Africa,IRN,IRN,,,,,,Iran (Islamic Republic of),Previously listed as Iran,,,364,364,,IRN,,IR,,,142,Asia,034,Southern Asia,,,,,,0,,Iran,,
Iraq,Iraq,"Iraq, Republic of",1,1932-10-03,1932-10-03,1932-10-03,2020-12-31,2016-12-31,2020-12-31,645,645,80,3140,IRQ,Middle East & North Africa,IRQ,IRQ,,,,,,,,,,368,368,,IRQ,,IQ,,,142,Asia,145,Western Asia,,,,,,0,,Iraq,,
Iraq (Kurdistan Region),Iraq (Kurdistan Region),Iraq (Kurdistan Region),0,,,,,,,,,,,,,,,,,,,,,,,,,,,,,,,,,,,,,,,,,,,Iraq,,
Ireland,Ireland,Ireland,1,1921-12-06,1922-12-06,1921-12-06,2020-12-31,2016-12-31,2020-12-31,205,205,81,4170,IRL,Europe & Central Asia,IRE,IRE,,,,,,,,,,372,372,,IRL,,IE,,,150,Europe,154,Northern Europe,,,,,,0,,Ireland,,
Isle of Man,Isle of Man,Isle of Man,0,,,,,,,,,,,IMN,Europe & Central Asia,,,,,,,,,,,,833,833,,IMN,,IM,,,150,Europe,154,Northern Europe,,,,,,,,United Kingdom,,
Israel,Israel,"Israel, State of",1,1948-05-14,1948-05-14,1948-05-14,2020-12-31,2016-12-31,2020-12-31,666,666,169,3150,ISR,Middle East & North Africa,ISR,ISR,,,,,,,,,,376,376,,ISR,,IL,,,142,Asia,145,Western Asia,,,,,,0,,Israel,,
Israel (pre-1967 borders),Israel (pre-1967 borders),Israel (pre-1967 borders),0,,,,,,,,,,,,,,,,,,,,,,,,,,,,,,,,,,,,,,,,,,,,,
Italy,Italy,Italian Republic,1,1816-01-01,1816-01-01,1816-01-01,2020-12-31,2016-12-31,2020-12-31,325,325,82,4180,ITA,Europe & Central Asia,ITA,ITA,,,,,,,,,,380,380,,ITA,,IT,,,150,Europe,039,Southern Europe,,,,,,0,,Italy,,
Jamaica,Jamaica,Jamaica,1,1962-08-06,1962-08-06,1962-08-06,2020-12-31,2016-12-31,2020-12-31,51,51,120,2290,JAM,Latin America & Caribbean,JAM,JAM,,,,,,,,,,388,388,,JAM,,JM,,,019,Americas,419,Latin America and the Caribbean,029,Caribbean,,,x,0,,Jamaica,,
Jan Mayen Island,Jan Mayen Island,Jan Mayen Island,0,,,,,,,,,,,,,,,,,,,,,,,,,,,,,,,,,,,,,,,,,,Svalbard and Jan Mayen,Norway,,
Japan,Japan,Japan,0,1816-01-01,1860-01-01,1816-01-01,1945-08-14,1945-08-14,,740,740,9,3160,JPN,East Asia & Pacific,JPN,JPN,,,,,,,,,,392,392,,JPN,,JP,,,142,Asia,030,Eastern Asia,,,,,,0,,Japan,,
Japan,Japan,Japan,1,1952-04-28,1952-04-28,,2020-12-31,2016-12-31,2020-12-31,740,740,9,3160,JPN,East Asia & Pacific,JPN,JPN,,,,,,,,,,392,392,,JPN,,JP,,,142,Asia,030,Eastern Asia,,,,,,0,,Japan,,
Jarvis Island,Jarvis Island,Jarvis Island,0,,,,,,,,,,,,,,,,,,,,,,,,,,,,,,,,,,,,,,,,,,US Minor Outlying Islands,United States of America,,
Jersey,Jersey,Jersey,0,,,,,,,,,,,,,,,832,2005,"Part of the Channel Islands (numerical code 830), issued a separate numerical code in 2005",,,,,,,832,832,,JEY,,JE,,2005,150,Europe,154,Northern Europe,830,Channel Islands,,,,,,United Kingdom,,
Johnston Island,Johnston Island,Johnston Island (Atoll),0,,,,,,,,,,,,,,,,,,,,,,396,"United States Minor Outlying Islands (numerical code 581) formed by merging Johnston Island (numerical code 396), Midway Islands (numerical code 488), United States Miscellaneous Pacific Islands (numerical code 849), and Wake Island (numerical code 872).",396,396,,JTN,JTN,JT,JT,"yes, not used",,,,,,,,,,,US Minor Outlying Islands,United States of America,,
Jordan,Jordan,"Jordan, Hashemite Kingdom of",1,1946-05-25,1946-03-22,1946-05-25,2020-12-31,2016-12-31,2020-12-31,663,663,83,3170,JOR,Middle East & North Africa,JOR,JOR,,,,,,,,,,400,400,,JOR,,JO,,,142,Asia,145,Western Asia,,,,,,0,,Jordan,,
Juan de Nova Island,Juan de Nova Island,Juan de Nova Island,0,,,,,,,,,,,,,,,,,,,,,,,,,,,,,,,,,,,,,,,,,,Reunion,France,,
Kazakhstan,Kazakhstan,"Kazakhstan, Republic of",1,1991-12-16,1991-12-26,1991-12-16,2020-12-31,2016-12-31,2020-12-31,705,705,121,4182,KAZ,Europe & Central Asia,KZK,KZK,398,1991,"Formerly part of the Union of Soviet Socialist Republics (numerical code 810). In 1991, the Union of Soviet Socialist Republics formally dissolved into 15 independent countries: Armenia, Azerbaijan, Belarus, Estonia, Georgia, Kazakhstan, Kyrgyzstan, Latvia, Lithuania, Republic of Moldova, Russian Federation, Tajikistan, Turkmenistan, Ukraine and Uzbekistan.",,,,,,,398,398,,KAZ,,KZ,,1991,142,Asia,143,Central Asia,,,,x,,0,,Kazakhstan,Soviet Union,
Kenya,Kenya,"Kenya, Republic of",1,1963-12-12,1963-12-12,1963-12-12,2020-12-31,2016-12-31,2020-12-31,501,501,40,1220,KEN,Sub-Saharan Africa,KEN,KEN,,,,,,,,,,404,404,,KEN,,KE,,,002,Africa,202,Sub-Saharan Africa,014,Eastern Africa,,,,0,,Kenya,,
Kingman Reef,Kingman Reef,Kingman Reef,0,,,,,,,,,,,,,,,,,,,,,,,,,,,,,,,,,,,,,,,,,,US Minor Outlying Islands,United States of America,,
Kiribati,Kiribati,"Kiribati, Republic of",1,1979-07-12,1999-09-14,1979-07-12,2020-12-31,2016-12-31,2020-12-31,946,970,,5105,KIR,East Asia & Pacific,KIR,KBI,,,,,,,,,,296,296,,KIR,,KI,,,009,Oceania,057,Micronesia,,,x,,x,1,,Kiribati,,Gilbert and Ellice Islands
Korea,Korea,Korea,0,1816-01-01,1887-01-01,1816-01-01,,1905-11-17,1910-08-22,730,730,,,,,KOR,KOR,,,,,,,,,,,,,,,,,,,,,,,,,,,0,,,,
Kosovo,Kosovo,Kosovo,1,2008-02-17,2008-02-20,2008-02-17,2020-12-31,2016-12-31,2020-12-31,347,347,43,,XKX,Europe & Central Asia,KOS,KOS,,,,,,,,,,,,,,,,,,150,Europe,039,Southern Europe,,,,,,0,,Kosovo,,
Kuwait,Kuwait,"Kuwait, State of",1,1961-06-19,1961-06-19,1961-06-19,2020-12-31,2016-12-31,2020-12-31,690,690,171,3190,KWT,Middle East & North Africa,KUW,KUW,,,,,,,,,,414,414,,KWT,,KW,,,142,Asia,145,Western Asia,,,,,,0,,Kuwait,,
Kyrgyzstan,Kyrgyzstan,Kyrgyz Republic,1,1991-08-31,1991-12-26,1991-08-31,2020-12-31,2016-12-31,2020-12-31,703,703,122,4184,KGZ,Europe & Central Asia,KYR,KYR,417,1991,"Formerly part of the Union of Soviet Socialist Republics (numerical code 810). In 1991, the Union of Soviet Socialist Republics formally dissolved into 15 independent countries: Armenia, Azerbaijan, Belarus, Estonia, Georgia, Kazakhstan, Kyrgyzstan, Latvia, Lithuania, Republic of Moldova, Russian Federation, Tajikistan, Turkmenistan, Ukraine and Uzbekistan.",,,,,,,417,417,,KGZ,,KG,,1991,142,Asia,143,Central Asia,,,,x,,0,,Kyrgyzstan,Soviet Union,
Laos,Laos,Lao People's Democratic Republic,1,1954-05-01,1953-10-23,1954-05-01,2020-12-31,2016-12-31,2020-12-31,812,812,123,3200,LAO,East Asia & Pacific,LAO,LAO,,,,,,,,,,418,418,,LAO,,LA,,,142,Asia,035,South-eastern Asia,,,x,x,,0,,Laos,,
Latvia,Latvia,Latvia,0,1918-11-01,1918-11-18,1918-11-11,1940-06-16,1940-06-16,1940-06-01,367,367,84,4186,LVA,Europe & Central Asia,LAT,LAT,428,1991,"Formerly part of the Union of Soviet Socialist Republics (numerical code 810). In 1991, the Union of Soviet Socialist Republics formally dissolved into 15 independent countries: Armenia, Azerbaijan, Belarus, Estonia, Georgia, Kazakhstan, Kyrgyzstan, Latvia, Lithuania, Republic of Moldova, Russian Federation, Tajikistan, Turkmenistan, Ukraine and Uzbekistan.",,,,,,,428,428,,LVA,,LV,,1991,150,Europe,154,Northern Europe,,,,,,0,,Latvia,Soviet Union,
Latvia,Latvia,Latvia,1,1991-09-06,1991-09-06,1991-09-06,2020-12-31,2016-12-31,2020-12-31,367,367,84,4186,LVA,Europe & Central Asia,LAT,LAT,428,1991,"Formerly part of the Union of Soviet Socialist Republics (numerical code 810). In 1991, the Union of Soviet Socialist Republics formally dissolved into 15 independent countries: Armenia, Azerbaijan, Belarus, Estonia, Georgia, Kazakhstan, Kyrgyzstan, Latvia, Lithuania, Republic of Moldova, Russian Federation, Tajikistan, Turkmenistan, Ukraine and Uzbekistan.",,,,,,,428,428,,LVA,,LV,,1991,150,Europe,154,Northern Europe,,,,,,0,,Latvia,Soviet Union,
Lebanon,Lebanon,Lebanese Republic,1,1944-11-22,1946-03-10,1944-11-22,2020-12-31,2016-12-31,2020-12-31,660,660,44,3210,LBN,Middle East & North Africa,LEB,LEB,,,,,,,,,,422,422,,LBN,,LB,,,142,Asia,145,Western Asia,,,,,,0,,Lebanon,,
Lesotho,Lesotho,"Lesotho, Kingdom of",1,1966-10-04,1966-10-04,1966-10-04,2020-12-31,2016-12-31,2020-12-31,570,570,85,1230,LSO,Sub-Saharan Africa,LES,LES,,,,,,,,,,426,426,,LSO,,LS,,,002,Africa,202,Sub-Saharan Africa,018,Southern Africa,x,x,,0,,Lesotho,,
Liberia,Liberia,"Liberia, Republic of",1,1847-07-26,1920-06-30,1847-07-26,2020-12-31,2016-12-31,2020-12-31,450,450,86,1240,LBR,Sub-Saharan Africa,LBR,LBR,,,,,,,,,,430,430,,LBR,,LR,,,002,Africa,202,Sub-Saharan Africa,011,Western Africa,x,,,0,,Liberia,,
Libya,Libya,Libyan Arab Jamahiriya,0,1816-01-01,,1816-01-01,1834-12-31,,1834-12-31,620,620,124,1250,LBY,Middle East & North Africa,LIB,LIB,,,,,,Libya,Previously listed as Libyan Arab Jamahiriya,,,434,434,,LBY,,LY,,,002,Africa,015,Northern Africa,,,,,,0,,Libya,,
Libya,Libya,Libyan Arab Jamahiriya,1,1951-12-24,1951-12-24,1951-12-24,2020-12-31,2016-12-31,2020-12-31,620,620,124,1250,LBY,Middle East & North Africa,LIB,LIB,,,,,,Libya,Previously listed as Libyan Arab Jamahiriya,,,434,434,,LBY,,LY,,,002,Africa,015,Northern Africa,,,,,,0,,Libya,,
Liechtenstein,Liechtenstein,"Liechtenstein, Principality of",1,1816-01-01,1990-09-18,1816-01-01,2020-12-31,2016-12-31,2020-12-31,223,223,172,,LIE,Europe & Central Asia,LIE,LIE,,,,,,,,,,438,438,,LIE,,LI,,,150,Europe,155,Western Europe,,,,,,1,,Liechtenstein,,
Lithuania,Lithuania,Lithuania,0,1918-02-16,1918-02-16,1918-02-16,1940-06-01,1940-06-15,1940-06-01,368,368,173,4188,LTU,Europe & Central Asia,LIT,LIT,440,1991,"Formerly part of the Union of Soviet Socialist Republics (numerical code 810). In 1991, the Union of Soviet Socialist Republics formally dissolved into 15 independent countries: Armenia, Azerbaijan, Belarus, Estonia, Georgia, Kazakhstan, Kyrgyzstan, Latvia, Lithuania, Republic of Moldova, Russian Federation, Tajikistan, Turkmenistan, Ukraine and Uzbekistan.",,,,,,,440,440,,LTU,,LT,,1991,150,Europe,154,Northern Europe,,,,,,0,,Lithuania,Soviet Union,
Lithuania,Lithuania,Lithuania,1,1991-09-06,1991-09-06,1991-09-06,2020-12-31,2016-12-31,2020-12-31,368,368,173,4188,LTU,Europe & Central Asia,LIT,LIT,440,1991,"Formerly part of the Union of Soviet Socialist Republics (numerical code 810). In 1991, the Union of Soviet Socialist Republics formally dissolved into 15 independent countries: Armenia, Azerbaijan, Belarus, Estonia, Georgia, Kazakhstan, Kyrgyzstan, Latvia, Lithuania, Republic of Moldova, Russian Federation, Tajikistan, Turkmenistan, Ukraine and Uzbekistan.",,,,,,,440,440,,LTU,,LT,,1991,150,Europe,154,Northern Europe,,,,,,0,,Lithuania,Soviet Union,
Luxembourg,Luxembourg,"Luxembourg, Grand Duchy of",0,1867-05-11,1920-11-15,1867-05-11,1940-05-10,1940-05-10,,212,212,174,4190,LUX,Europe & Central Asia,LUX,LUX,,,,,,,,,,442,442,,LUX,,LU,,,150,Europe,155,Western Europe,,,,,,0,,Luxembourg,,
Luxembourg,Luxembourg,"Luxembourg, Grand Duchy of",1,1944-09-10,1944-09-10,,2020-12-31,2016-12-31,2020-12-31,212,212,174,4190,LUX,Europe & Central Asia,LUX,LUX,,,,,,,,,,442,442,,LUX,,LU,,,150,Europe,155,Western Europe,,,,,,0,,Luxembourg,,
Macao,Macao,"China, Macao Special Administrative Region",0,,,,,,,,,,3220,MAC,East Asia & Pacific,,,,,,,,"China, Macao Special Administrative Region","Pursuant to a Joint Declaration signed on 13 April 1987, Portugal restored Macao to the People's Republic of China with effect from 20 December 1999; the People's Republic of China resumed the exercise of sovereignty over the territory with effect from that date.",,,446,446,,MAC,,MO,,,142,Asia,030,Eastern Asia,,,,,,,,China,,
North Macedonia,North Macedonia,"Macedonia, the former Yugoslav Republic of",1,1991-11-20,1993-04-08,1991-11-20,2020-12-31,2016-12-31,2020-12-31,343,343,176,4195,MKD,Europe & Central Asia,MAC,MAC,807,1992,"Formerly part of the Socialist Federal Republic of Yugoslavia (numerical code 890). Prior to 1 January 1992, referred to the Socialist Federal Republic of Yugoslavia, which was composed of six republics.",,,North Macedonia,Previously listed as the former Yugoslav Republic of Macedonia,,,807,807,,MKD,,MK,,1992,150,Europe,039,Southern Europe,,,,x,,0,,Macedonia,Yugoslavia SFR,
Madagascar,Madagascar,"Madagascar, Republic of",0,1816-01-01,,1816-01-01,1896-08-05,,1896-08-05,580,580,125,1260,MDG,Sub-Saharan Africa,MAG,MAG,,,,,,,,,,450,450,,MDG,,MG,,,002,Africa,202,Sub-Saharan Africa,014,Eastern Africa,x,,,0,,Madagascar,,
Madagascar,Madagascar,"Madagascar, Republic of",1,1960-06-26,1960-06-26,1960-06-26,2020-12-31,2016-12-31,2020-12-31,580,580,125,1260,MDG,Sub-Saharan Africa,MAG,MAG,,,,,,,,,,450,450,,MDG,,MG,,,002,Africa,202,Sub-Saharan Africa,014,Eastern Africa,x,,,0,,Madagascar,,
Malawi,Malawi,"Malawi, Republic of",1,1964-07-06,1964-07-06,1964-07-06,2020-12-31,2016-12-31,2020-12-31,553,553,87,1270,MWI,Sub-Saharan Africa,MAW,MAW,,,,,,,,,,454,454,,MWI,,MW,,,002,Africa,202,Sub-Saharan Africa,014,Eastern Africa,x,x,,0,,Malawi,,
Malaysia,Malaysia,Malaysia,1,1957-08-31,1957-08-31,1957-08-31,2020-12-31,2016-12-31,2020-12-31,820,820,177,3236,MYS,East Asia & Pacific,MAL,MAL,,,,,,,,,,458,458,,MYS,,MY,,,142,Asia,035,South-eastern Asia,,,,,,0,,Malaysia,,
Maldives,Maldives,"Maldives, Republic of",1,1965-05-26,1965-07-26,1965-05-26,2020-12-31,2016-12-31,2020-12-31,781,781,88,3255,MDV,South Asia,MAD,MAD,,,,,,,,,,462,462,,MDV,,MV,,,142,Asia,034,Southern Asia,,,,,x,0,,Maldives,,
Mali,Mali,"Mali, Republic of",1,1960-09-22,1960-06-20,1960-09-22,2020-12-31,2016-12-31,2020-12-31,432,432,28,1280,MLI,Sub-Saharan Africa,MLI,MLI,,,,,,,,,,466,466,,MLI,,ML,,,002,Africa,202,Sub-Saharan Africa,011,Western Africa,x,x,,0,,Mali,,
Malta,Malta,"Malta, Republic of",1,1964-09-21,1964-09-21,1964-09-21,2020-12-31,2016-12-31,2020-12-31,338,338,178,4200,MLT,Middle East & North Africa,MLT,MLT,,,,,,,,,,470,470,,MLT,,MT,,,150,Europe,039,Southern Europe,,,,,,0,,Malta,,
Marshall Islands,Marshall Islands,Marshall Islands,1,1986-10-21,1991-09-17,1986-10-21,2020-12-31,2016-12-31,2020-12-31,983,983,,5107,MHL,East Asia & Pacific,MSI,MSI,584,1991,Formerly part of Pacific Islands (Trust Territory) (numerical code 582),,,,,,,584,584,,MHL,,MH,,1991,009,Oceania,057,Micronesia,,,,,x,1,,Marshall Islands,Pacific Islands Trust,
Martinique,Martinique,Martinique,0,,,,,,,,,,2300,,,,,,,,,,,,,,474,474,,MTQ,,MQ,,,019,Americas,419,Latin America and the Caribbean,029,Caribbean,,,,,,France,,
Mauritania,Mauritania,"Mauritania, Islamic Republic of",1,1960-11-28,1960-11-28,1960-11-28,2020-12-31,2016-12-31,2020-12-31,435,435,65,1290,MRT,Sub-Saharan Africa,MAA,MAA,,,,,,,,,,478,478,,MRT,,MR,,,002,Africa,202,Sub-Saharan Africa,011,Western Africa,x,,,0,,Mauritania,,
Mauritius,Mauritius,Mauritius,1,1968-03-12,1968-03-12,1968-03-12,2020-12-31,2016-12-31,2020-12-31,590,590,180,1300,MUS,Sub-Saharan Africa,MAS,MAS,,,,,,,,,,480,480,,MUS,,MU,,,002,Africa,202,Sub-Saharan Africa,014,Eastern Africa,,,x,0,,Mauritius,,
Mayotte,Mayotte,Mayotte,0,,,,,,,,,,1303,MYT,,,,175,2002,Issued a numerical code in 2002,,,,,,,175,175,,MYT,,YT,,2002,002,Africa,202,Sub-Saharan Africa,014,Eastern Africa,,,,,,France,,
Mecklenburg-Schwerin,Mecklenburg-Schwerin,Mecklenburg-Schwerin,0,1816-01-01,1843-01-01,1816-01-01,,1867-04-17,1871-01-17,280,280,360,,,,MEC,MEC,,,,,,,,,,,,,,,,,,,,,,,,,,,0,,Germany,,
Mexico,Mexico,United Mexican States,1,1821-07-01,1831-01-01,1821-07-01,2020-12-31,2016-12-31,2020-12-31,70,70,3,2310,MEX,Latin America & Caribbean,MEX,MEX,,,,,,,,,,484,484,,MEX,,MX,,,019,Americas,419,Latin America and the Caribbean,013,Central America,,,,0,,Mexico,,
Micronesia,Micronesia,"Micronesia, Federated States of",1,1986-11-03,1991-09-17,1986-11-03,2020-12-31,2016-12-31,2020-12-31,987,987,,5108,FSM,East Asia & Pacific,FSM,FSM,583,1991,Formerly part of Pacific Islands (Trust Territory) (numerical code 582),,,,,,,583,583,,FSM,,FM,,1991,009,Oceania,057,Micronesia,,,,,x,1,,Micronesia,Pacific Islands Trust,
Midway Islands,Midway Islands,Midway Islands,0,,,,,,,,,,,,,,,,,,,,,,488,"United States Minor Outlying Islands (numerical code 581) formed by merging Johnston Island (numerical code 396), Midway Islands (numerical code 488), United States Miscellaneous Pacific Islands (numerical code 849), and Wake Island (numerical code 872).",488,488,,MID,MID,MI,MI,"yes, not used",,,,,,,,,,,US Minor Outlying Islands,United States of America,,
Modena,Modena,Modena,0,1816-01-01,1842-01-01,1816-01-01,,1860-03-15,1861-03-16,332,332,351,,,,MOD,MOD,,,,,,,,,,,,,,,,,,,,,,,,,,,0,,,,
Moldova,Moldova,"Moldova, Republic of",1,1991-08-27,1991-12-26,1991-08-27,2020-12-31,2016-12-31,2020-12-31,359,359,126,4260,MDA,Europe & Central Asia,MLD,MLD,498,1991,"Formerly part of the Union of Soviet Socialist Republics (numerical code 810). In 1991, the Union of Soviet Socialist Republics formally dissolved into 15 independent countries: Armenia, Azerbaijan, Belarus, Estonia, Georgia, Kazakhstan, Kyrgyzstan, Latvia, Lithuania, Republic of Moldova, Russian Federation, Tajikistan, Turkmenistan, Ukraine and Uzbekistan.",,,Republic of Moldova,Previously listed as Moldova,,,498,498,,MDA,,MD,,1991,150,Europe,151,Eastern Europe,,,,x,,0,,Moldova,Soviet Union,
Monaco,Monaco,"Monaco, Principality of",1,1816-01-01,1993-05-28,1816-01-01,2020-12-31,2016-12-31,2020-12-31,221,221,182,4205,MCO,Europe & Central Asia,MNC,MNC,,,,,,,,,,492,492,,MCO,,MC,,,150,Europe,155,Western Europe,,,,,,1,,Monaco,,
Mongolia,Mongolia,Mongolian People's Republic,1,1921-03-13,1921-03-13,1921-03-13,2020-12-31,2016-12-31,2020-12-31,712,712,89,3260,MNG,East Asia & Pacific,MON,MON,,,,,,,,,,496,496,,MNG,,MN,,,142,Asia,030,Eastern Asia,,,,x,,0,,Mongolia,,
Montenegro,Montenegro,Montenegro,0,1868-01-01,,1868-01-01,1915-07-01,,1915-07-01,341,341,183,4207,MNE,Europe & Central Asia,MNG,MNG,499,2006,"Formerly part of Serbia and Montenegro (numerical code 891). On 3 June 2006, Serbia and Montenegro (numerical code 891) formally dissolved into 2 independent countries: Montenegro (numerical code 499) and Serbia (numerical code 688).",,,,,,,499,499,,MNE,,ME,,2006,150,Europe,039,Southern Europe,,,,,,0,,Montenegro,Serbia and Montenegro,
Montenegro,Montenegro,Montenegro,1,2006-06-03,2006-06-12,2006-06-03,2020-12-31,2016-12-31,2020-12-31,341,341,183,4207,MNE,Europe & Central Asia,MNG,MNG,499,2006,"Formerly part of Serbia and Montenegro (numerical code 891). On 3 June 2006, Serbia and Montenegro (numerical code 891) formally dissolved into 2 independent countries: Montenegro (numerical code 499) and Serbia (numerical code 688).",,,,,,,499,499,,MNE,,ME,,2006,150,Europe,039,Southern Europe,,,,,,0,,Montenegro,Serbia and Montenegro,
Montserrat,Montserrat,Montserrat,0,,,,,,,,,,2320,,,,,,,,,,,,,,500,500,,MSR,,MS,,,019,Americas,419,Latin America and the Caribbean,029,Caribbean,,,x,,,United Kingdom,,
Morocco,Morocco,"Morocco, Kingdom of",0,1816-01-01,1847-01-01,1816-01-01,1912-03-30,1912-03-30,1904-01-01,600,600,90,1310,MAR,Middle East & North Africa,MOR,MOR,,,,,,,,,,504,504,,MAR,,MA,,,002,Africa,015,Northern Africa,,,,,,0,,Morocco,,
Morocco,Morocco,"Morocco, Kingdom of",1,1956-03-02,1956-03-02,1956-03-02,2020-12-31,2016-12-31,2020-12-31,600,600,90,1310,MAR,Middle East & North Africa,MOR,MOR,,,,,,,,,,504,504,,MAR,,MA,,,002,Africa,015,Northern Africa,,,,,,0,,Morocco,,
Mozambique,Mozambique,"Mozambique, People's Republic of",1,1975-06-25,1975-06-25,1975-06-25,2020-12-31,2016-12-31,2020-12-31,541,541,57,1320,MOZ,Sub-Saharan Africa,MZM,MZM,,,,,,,,,,508,508,,MOZ,,MZ,,,002,Africa,202,Sub-Saharan Africa,014,Eastern Africa,x,,,0,,Mozambique,,
Myanmar,Myanmar,"Myanmar, Socialist Republic of the Union of",0,1816-01-01,,1816-01-01,1885-12-31,,1885-12-31,775,775,10,3270,MMR,East Asia & Pacific,MYA,MYA,,,,,,Myanmar,Previously listed as Burma,,,104,104,,MMR,BUR,MM,BU,yes,142,Asia,035,South-eastern Asia,,,x,,,0,,Myanmar,,Burma
Myanmar,Myanmar,"Myanmar, Socialist Republic of the Union of",1,1948-01-04,1948-01-04,1948-01-04,2020-12-31,2016-12-31,2020-12-31,775,775,10,3270,MMR,East Asia & Pacific,MYA,MYA,,,,,,Myanmar,Previously listed as Burma,,,104,104,,MMR,BUR,MM,BU,yes,142,Asia,035,South-eastern Asia,,,x,,,0,,Myanmar,,Burma
Nagorno-Karabakh,Nagorno-Karabakh,Nagorno-Karabakh,0,,,,,,,,,,,,,,,,,,,,,,,,,,,,,,,,,,,,,,,,,,,,,
Namibia,Namibia,Namibia,1,1990-03-21,1990-03-21,1990-03-21,2020-12-31,2016-12-31,2020-12-31,565,565,127,1325,NAM,Sub-Saharan Africa,NAM,NAM,,,,,,,,,,516,516,,NAM,,,,,002,Africa,202,Sub-Saharan Africa,018,Southern Africa,,,,0,,Namibia,,
Nassau,Nassau,Nassau,0,,,,,,,,,366,,,,,,,,,,,,,,,,,,,,,,,,,,,,,,,,,,,,
Nauru,Nauru,"Nauru, Republic of",1,1968-12-31,1999-09-14,1968-12-31,2020-12-31,2016-12-31,2020-12-31,970,971,,5110,NRU,East Asia & Pacific,NAU,NAU,,,,,,,,,,520,520,,NRU,,NR,,,009,Oceania,057,Micronesia,,,,,x,1,,Nauru,,
Navassa Island,Navassa Island,Navassa Island,0,,,,,,,,,,,,,,,,,,,,,,,,,,,,,,,,,,,,,,,,,,US Minor Outlying Islands,United States of America,,
Nepal,Nepal,"Nepal, Kingdom of",1,1816-01-01,1920-01-01,1816-01-01,2020-12-31,2016-12-31,2020-12-31,790,790,58,3280,NPL,South Asia,NEP,NEP,,,,,,,,,,524,524,,NPL,,NP,,,142,Asia,034,Southern Asia,,,x,x,,0,,Nepal,,
Netherlands,Netherlands,"Netherlands, Kingdom of the",0,1816-01-01,1816-01-01,1816-01-01,1940-07-14,1940-07-14,,210,210,91,4210,NLD,Europe & Central Asia,NTH,NTH,,,,,,,,,,528,528,,NLD,,NL,,,150,Europe,155,Western Europe,,,,,,0,,Netherlands,,
Netherlands,Netherlands,"Netherlands, Kingdom of the",1,1945-06-26,1945-06-26,,2020-12-31,2016-12-31,2020-12-31,210,210,91,4210,NLD,Europe & Central Asia,NTH,NTH,,,,,,,,,,528,528,,NLD,,NL,,,150,Europe,155,Western Europe,,,,,,0,,Netherlands,,
Netherlands Antilles,Netherlands Antilles,Netherlands Antilles,0,1954,,,2010,,,,,,2330,ANT,,,,,,,,,,,530,"The federation of the Netherlands Antilles was originally assigned code 532, which included data for Aruba. In 1986, Aruba became an autonomous country within the Kingdom of the Netherlands, and was given its own code - 533 - while the code for the Netherlands Antilles was changed to 530. The federation of the Netherlands Antilles was formally dissolved on 10 October 2010. The former Dutch Caribbean dependency ceased to exist with a change of the five islands' constitutional status. Under the new political structure, Curaçao and Sint Maarten (Dutch part) became autonomous countries within the Kingdom of the Netherlands.",530,530,532,ANT,ANT,AN,AN,"1986, not used",,,,,,,,,,,,Netherlands,,
Neutral Zone,Neutral Zone,Neutral Zone,0,,,,,,,,,,,,,,,,,,,,,,,,,536,,NTZ,NTZ,NT,NT,yes,,,,,,,,,,,,,,
New Caledonia,New Caledonia,New Caledonia,0,,,,,,,,,,,NCL,East Asia & Pacific,,,,,,,,,,,,540,540,,NCL,,NC,,,009,Oceania,054,Melanesia,,,,,x,,,France,,
New Hebrides,New Hebrides,New Hebrides,0,,,,,,,,,,,,,,,,,,,,,,,,,,,NHB,NHB,NH,NH,yes,,,,,,,,,,,,,,
New Zealand,New Zealand,New Zealand,1,1907-09-01,1920-01-10,1907-09-01,2020-12-31,2016-12-31,2020-12-31,920,920,185,5150,NZL,East Asia & Pacific,NEW,NEW,,,,,,,,,,554,554,,NZL,,NZ,,,009,Oceania,053,Australia and New Zealand,,,,,,0,,New Zealand,,
Nicaragua,Nicaragua,"Nicaragua, Republic of",1,1840-01-01,1900-01-01,1840-01-01,2020-12-31,2016-12-31,2020-12-31,93,93,59,2340,NIC,Latin America & Caribbean,NIC,NIC,,,,,,,,,,558,558,,NIC,,NI,,,019,Americas,419,Latin America and the Caribbean,013,Central America,,,,0,,Nicaragua,,
Niger,Niger,"Niger, Republic of the",1,1960-08-03,1960-10-03,1960-08-03,2020-12-31,2016-12-31,2020-12-31,436,436,60,1330,NER,Sub-Saharan Africa,NIR,NIR,,,,,,,,,,562,562,,NER,,NE,,,002,Africa,202,Sub-Saharan Africa,011,Western Africa,x,x,,0,,Niger,,
Nigeria,Nigeria,"Nigeria, Federal Republic of",1,1960-10-01,1960-10-01,1960-10-01,2020-12-31,2016-12-31,2020-12-31,475,475,45,1340,NGA,Sub-Saharan Africa,NIG,NIG,,,,,,,,,,566,566,,NGA,,NG,,,002,Africa,202,Sub-Saharan Africa,011,Western Africa,,,,0,,Nigeria,,
Niue,Niue,"Niue, Republic of",0,,,,,,,,,,5170,,,,,,,,,,,,,,570,570,,NIU,,NU,,,009,Oceania,061,Polynesia,,,,,x,,,New Zealand,,
Norfolk Island,Norfolk Island,Norfolk Island,0,,,,,,,,,,,,,,,,,,,,,,,,574,574,,NFK,,NF,,,009,Oceania,053,Australia and New Zealand,,,,,,,,Australia,,
North Borneo/Sabah,North Borneo/Sabah,North Borneo/Sabah,0,,,,,,,,,,,,,,,,,,,,,,,,,,,,,,,,,,,,,,,,,,,Malaysia,,
North Korea,North Korea,"Korea, Democratic People's Republic of",1,1948-09-09,1948-09-09,1948-09-09,2020-12-31,2016-12-31,2020-12-31,731,731,41,3083,PRK,East Asia & Pacific,PRK,PRK,,,,,,,,,,408,408,,PRK,,KP,,,142,Asia,030,Eastern Asia,,,,,,0,,North Korea,,
Northern Ireland,Northern Ireland,Northern Ireland,0,,,,,,,,,,4320,,,,,,,,,,,,,,,,,,,,,,,,,,,,,,,,,United Kingdom,,
Northern Mariana Islands,Northern Mariana Islands,Northern Mariana Islands,0,,,,,,,,,,,MNP,East Asia & Pacific,,,580,1991,Formerly part of Pacific Islands (Trust Territory) (numerical code 582),,,,,,,580,580,,MNP,,MP,,1991,009,Oceania,057,Micronesia,,,,,x,,,United States of America,Pacific Islands Trust,
Norway,Norway,"Norway, Kingdom of",0,1905-06-07,1905-06-07,1905-08-26,1940-04-30,1940-04-30,,385,385,186,4220,NOR,Europe & Central Asia,NOR,NOR,,,,,,,,,,578,578,,NOR,,NO,,,150,Europe,154,Northern Europe,,,,,,0,,Norway,,
Norway,Norway,"Norway, Kingdom of",1,1945-05-07,1945-05-07,,2020-12-31,2016-12-31,2020-12-31,385,385,186,4220,NOR,Europe & Central Asia,NOR,NOR,,,,,,,,,,578,578,,NOR,,NO,,,150,Europe,154,Northern Europe,,,,,,0,,Norway,,
Oldenburg,Oldenburg,Oldenburg,0,,,,,,,,,364,,,,,,,,,,,,,,,,,,,,,,,,,,,,,,,,,,,,
Oman,Oman,"Oman, Sultanate of",1,1816-01-01,1971-10-07,1816-01-01,2020-12-31,2016-12-31,2020-12-31,698,698,187,3285,OMN,Middle East & North Africa,OMA,OMA,,,,,,,,,,512,512,,OMN,,OM,,,142,Asia,145,Western Asia,,,,,,0,,Oman,,
Orange Free State,Orange Free State,Orange Free State,0,1854-03-28,,1854-03-28,1910-05-30,,1910-05-30,,564,,,,,,OFS,,,,,,,,,,,,,,,,,,,,,,,,,,,0,,,,
Pacific Islands (Trust Territory),Pacific Islands (Trust Territory),Pacific Islands (Trust Territory),0,,,,,,,,,,,,,,,,,,,,,,582,"On 22 December 1990, a Security Council Resolution dissolved the Pacific Islands (Trust Territory) (numerical code 582) which lead to the creation of the Northern Mariana Islands (numerical code 580), the Federated States of Micronesia (numerical code 583), the Marshall Islands (numerical code 584) and Palau (numerical code 585).",582,582,,PCI,PCI,PC,PC,"yes, not used",,,,,,,,,,,,United States of America,,
Pakistan,Pakistan,"Pakistan, Islamic Republic of",1,1947-08-14,1947-08-14,1947-08-14,2020-12-31,2016-12-31,2020-12-31,770,770,29,3290,PAK,South Asia,PAK,PAK,,,,,,,,,,586,586,,PAK,,PK,,,142,Asia,034,Southern Asia,,,,,,0,,Pakistan,,
"Pakistan, Dominion of",Pakistan,"Pakistan, Dominion of",0,1947-08-14,,,1971-12-15,,,770,770,29,3290,PAK,South Asia,PAK,PAK,,,,,,,,,,586,586,,PAK,,PK,,,142,Asia,034,Southern Asia,,,,,,0,,"Pakistan, Dominion of",,
Pakistani Kashmir,Pakistani Kashmir,Pakistani Kashmir,0,,,,,,,,,,,,,,,,,,,,,,,,,,,,,,,,,,,,,,,,,,,Pakistan,,
Palau,Palau,Palau,1,1994-10-01,1994-12-15,1994-10-01,2020-12-31,2016-12-31,2020-12-31,986,986,,5180,PLW,East Asia & Pacific,PAL,PAL,585,1994,Formerly part of Pacific Islands (Trust Territory) (numerical code 582).,,,,,,,585,585,,PLW,,PW,,1994,009,Oceania,057,Micronesia,,,,,x,1,,Palau,Pacific Islands Trust,
Palestinian Territory,Palestine,Palestinian Territory,0,1994,,,,,,,,128,3283,PSE,Middle East & North Africa,,,,,,,,,,,,,275,,PSE,,PS,,1999,142,Asia,145,Western Asia,,,,,,0,,Palestinian Territory,,
Gaza,Palestine,Gaza,0,,,,,,,,,138,,,Middle East & North Africa,,,,,,,,,,274,,274,274,,,,,,not used,142,Asia,145,Western Asia,,,,,,0,"Palestinian Territory, Occupied",Palestinian Territory,,
Palestine,Palestine,Palestine (British Mandate),0,,,,,,,,,209,,,,,,,,,,,,,,,,,,,,,,,,,,,,,,,,,,United Kingdom,,
West Bank,Palestine,West Bank,0,,,,,,,,,128,,,Middle East & North Africa,,,,,,,,,,,,,,,,,,,,142,Asia,145,Western Asia,,,,,,0,"Palestinian Territory, Occupied",Palestinian Territory,,
Palmyra Atoll,Palmyra Atoll,Palmyra Atoll,0,,,,,,,,,,,,,,,,,,,,,,,,,,,,,,,,,,,,,,,,,,US Minor Outlying Islands,United States of America,,
Panama,Panama,"Panama, Republic of",1,1903-11-03,1903-11-03,1903-11-03,2020-12-31,2016-12-31,2020-12-31,95,95,92,2350,PAN,Latin America & Caribbean,PAN,PAN,,,,,,,,,,591,591,590,PAN,,PA,,yes,019,Americas,419,Latin America and the Caribbean,013,Central America,,,,0,,Panama,,
Panama Canal Zone,Panama Canal Zone,Panama Canal Zone,0,,,,,,,,,,,,,,,,,,,,,,,,,,,PCZ,PCZ,PZ,PZ,yes,,,,,,,,,,,,,,
Papal States,Papal States,Papal States,0,1816-01-01,1816-01-01,1816-01-01,1870-09-22,1860-11-05,1870-09-22,327,327,361,,,,PAP,PAP,,,,,,,,,,,,,,,,,,,,,,,,,,,0,,,,
Papua New Guinea,Papua New Guinea,Papua New Guinea,1,1975-09-16,1975-09-16,1975-09-16,2020-12-31,2016-12-31,2020-12-31,910,910,93,5195,PNG,East Asia & Pacific,PNG,PNG,,,,,,,,,,598,598,,PNG,,PG,,,009,Oceania,054,Melanesia,,,,,x,0,,Papua New Guinea,,
Paracel Islands,Paracel Islands,Paracel Islands,0,,,,,,,,,,,,,,,,,,,,,,,,,,,,,,,,,,,,,,,,,,,occupied by China but claimed by Vietnam,,
Paraguay,Paraguay,"Paraguay, Republic of",0,1816-01-01,1846-01-01,1816-01-01,1870-06-20,1870-06-20,,150,150,189,2360,PRY,Latin America & Caribbean,PAR,PAR,,,,,,,,,,600,600,,PRY,,PY,,,019,Americas,419,Latin America and the Caribbean,005,South America,,x,,0,,Paraguay,,
Paraguay,Paraguay,"Paraguay, Republic of",1,1876-06-22,1876-06-22,,2020-12-31,2016-12-31,2020-12-31,150,150,189,2360,PRY,Latin America & Caribbean,PAR,PAR,,,,,,,,,,600,600,,PRY,,PY,,,019,Americas,419,Latin America and the Caribbean,005,South America,,x,,0,,Paraguay,,
Parma,Parma,Parma,0,1816-01-01,1851-01-01,1816-01-01,,1860-03-15,1861-03-16,335,335,352,,,,PMA,PMA,,,,,,,,,,,,,,,,,,,,,,,,,,,0,,,,
People's Republic of the Congo,People's Republic of the Congo,People's Republic of the Congo,0,,,,,,,,,,,,,,,,,,,,,,,,,,,,,,,,,,,,,,,,,,,,,
Peru,Peru,"Peru, Republic of",1,1824-12-09,1839-01-01,1824-12-09,2020-12-31,2016-12-31,2020-12-31,135,135,30,2370,PER,Latin America & Caribbean,PER,PER,,,,,,,,,,604,604,,PER,,PE,,,019,Americas,419,Latin America and the Caribbean,005,South America,,,,0,,Peru,,
Philippines,Philippines,"Philippines, Republic of the",1,1946-07-04,1946-07-04,1946-07-04,2020-12-31,2016-12-31,2020-12-31,840,840,46,3300,PHL,East Asia & Pacific,PHI,PHI,,,,,,,,,,608,608,,PHL,,PH,,,142,Asia,035,South-eastern Asia,,,,,,0,,Philippines,,
Piedmont-Sardinia,Piedmont-Sardinia,Piedmont-Sardinia,0,,,,,,,,,373,,,,,,,,,,,,,,,,,,,,,,,,,,,,,,,,,,,,
Pitcairn Island,Pitcairn Island,Pitcairn Island,0,,,,,,,,,,,,,,,,,,,,Pitcairn,Previously listed as Pitcairn Island,,,612,612,,PCN,,PN,,,009,Oceania,061,Polynesia,,,,,,,,United Kingdom,,
Poland,Poland,Polish People's Republic,0,1918-11-03,1918-11-03,1918-11-11,1939-09-27,1939-09-27,,290,290,17,4230,POL,Europe & Central Asia,POL,POL,,,,,,,,,,616,616,,POL,,PL,,,150,Europe,151,Eastern Europe,,,,,,0,,Poland,,
Poland,Poland,Polish People's Republic,1,1945-06-28,1945-06-28,,2020-12-31,2016-12-31,2020-12-31,290,290,17,4230,POL,Europe & Central Asia,POL,POL,,,,,,,,,,616,616,,POL,,PL,,,150,Europe,151,Eastern Europe,,,,,,0,,Poland,,
Portugal,Portugal,Portuguese Republic,1,1816-01-01,1816-01-01,1816-01-01,2020-12-31,2016-12-31,2020-12-31,235,235,21,4240,PRT,Europe & Central Asia,POR,POR,,,,,,,,,,620,620,,PRT,,PT,,,150,Europe,039,Southern Europe,,,,,,0,,Portugal,,
Portuguese India,Portuguese India,Portuguese India,0,,,,,,,,,,,,,,,,,,,,,,,,,,,,,,,,,,,,,,,,,,,Portugal,,
Prussia,Prussia,Prussia,0,1815,,,1867,,,,,,,,,,,,,,,,,,,,,,,,,,,,,,,,,,,,,,,,,
Puerto Rico,Puerto Rico,Puerto Rico,0,,,,,,,,,,2380,PRI,Latin America & Caribbean,,,,,,,,,,,,630,630,,PRI,,PR,,,019,Americas,419,Latin America and the Caribbean,029,Caribbean,,,x,,,United States of America,,
Qatar,Qatar,"Qatar, State of",1,1971-09-03,1971-09-03,1971-09-03,2020-12-31,2016-12-31,2020-12-31,694,694,94,3320,QAT,Middle East & North Africa,QAT,QAT,,,,,,,,,,634,634,,QAT,,QA,,,142,Asia,145,Western Asia,,,,,,0,,Qatar,,
Republike Srpske,Republike Srpske,Republike Srpske,0,,,,,,,,,,,,,,,,,,,,,,,,,,,,,,,,,,,,,,,,,,,Bosnia and Herzegovina,,
Réunion,Réunion,Réunion,0,,,,,,,,,,1360,,,,,,,,,,,,,,638,638,,REU,,RE,,,002,Africa,202,Sub-Saharan Africa,014,Eastern Africa,,,,,,France,,
"Rhodesia, Southern","Rhodesia, Southern","Rhodesia, Southern",0,,,,,,,,,,,,,,,,,,,,,,,,,,,RHO,RHO,RH,RH,,,,,,,,,,,,,,,
Rodrigues,Rodrigues,Rodrigues,0,,,,,,,,,,1365,,,,,,,,,,,,,,,,,,,,,,,,,,,,,,,,,Mauritius,,
Romania,Romania,"Romania, Socialist Republic of",1,1878-07-13,1878-07-13,1878-07-13,2020-12-31,2016-12-31,2020-12-31,360,360,190,4270,ROU,Europe & Central Asia,ROM,RUM,,,,,,,,,,642,642,,ROU,ROM,RO,,yes,150,Europe,151,Eastern Europe,,,,,,0,,Romania,,
Russia,Russia,Russia,0,1816-01-01,1816-01-01,1816-01-01,,,,365,365,11,4272,RUS,Europe & Central Asia,RUS,RUS,643,1991,"Formerly part of the Union of Soviet Socialist Republics (numerical code 810). In 1991, the Union of Soviet Socialist Republics formally dissolved into 15 independent countries: Armenia, Azerbaijan, Belarus, Estonia, Georgia, Kazakhstan, Kyrgyzstan, Latvia, Lithuania, Republic of Moldova, Russian Federation, Tajikistan, Turkmenistan, Ukraine and Uzbekistan.",,,,,,,643,643,,RUS,,RU,,1991,150,Europe,151,Eastern Europe,,,,,,0,,Russia,,
Soviet Union,Russia,Union of Soviet Socialist Republics,1,1918,,,1991,,,365,365,11,4304,RUS,Europe & Central Asia,RUS,RUS,,,,,,,,810,"In 1991, the Union of Soviet Socialist Republics formally dissolved into 15 independent countries: Armenia, Azerbaijan, Belarus, Estonia, Georgia, Kazakhstan, Kyrgyzstan, Latvia, Lithuania, Republic of Moldova, Russian Federation, Tajikistan, Turkmenistan, Ukraine and Uzbekistan.",810,810,,SUN,SUN,SU,SU,"yes, not used",150,Europe,151,Eastern Europe,,,,,,0,,Soviet Union,,
Russian Federation,Russia,Russian Federation,1,1992,,,2020-12-31,2016-12-31,2020-12-31,365,365,11,4272,RUS,Europe & Central Asia,RUS,RUS,643,1991,"Formerly part of the Union of Soviet Socialist Republics (numerical code 810). In 1991, the Union of Soviet Socialist Republics formally dissolved into 15 independent countries: Armenia, Azerbaijan, Belarus, Estonia, Georgia, Kazakhstan, Kyrgyzstan, Latvia, Lithuania, Republic of Moldova, Russian Federation, Tajikistan, Turkmenistan, Ukraine and Uzbekistan.",,,,,,,643,643,,RUS,,RU,,1991,150,Europe,151,Eastern Europe,,,,,,0,,Russian Federation,Soviet Union,
Rwanda,Rwanda,Rwandese Republic,1,1962-01-07,1962-07-01,1962-01-07,2020-12-31,2016-12-31,2020-12-31,517,517,129,1370,RWA,Sub-Saharan Africa,RWA,RWA,,,,,,,,,,646,646,,RWA,,RW,,,002,Africa,202,Sub-Saharan Africa,014,Eastern Africa,x,x,,0,,Rwanda,,
Ryukyu Islands,Ryukyu Islands,Ryukyu Islands,0,,,,,,,,,,3330,,,,,,,,,,,,,,,,,,,,,,,,,,,,,,,,,Japan,,
Saarland,Saarland,Saarland,0,,,,,,,,,,,,,,,,,,,,,,,,,,,,,,,,,,,,,,,,,,,Germany,,
Saba,Saba,Saba,0,,,,,,,,,,,,,,,,,,,,,,,,,,,,,,,,,,,,,,,,,,,Netherlands,,
Saint Helena,Saint Helena,Saint Helena,0,,,,,,,,,,,,,,,,,,,,,,,,654,654,,SHN,,SH,,,002,Africa,202,Sub-Saharan Africa,011,Western Africa,,,,,,United Kingdom,,
Saint Kitts and Nevis,Saint Kitts and Nevis,Saint Kitts and Nevis,1,1983-09-19,1983-09-19,1983-09-19,2020-12-31,2016-12-31,2020-12-31,60,60,,2385,KNA,Latin America & Caribbean,SKN,SKN,,,,,,,,,,659,659,,KNA,,KN,,,019,Americas,419,Latin America and the Caribbean,029,Caribbean,,,x,1,,Saint Kitts and Nevis,,
Saint Kitts-Nevis-Anguilla,Saint Kitts and Nevis,Saint Kitts-Nevis-Anguilla,0,,,,,,,,,,,,,,,,,,,,,,,,,658,,KNA,KNA,KN,KN,,,,,,,,,,,,,United Kingdom,,
Saint Lucia,Saint Lucia,Saint Lucia,1,1979-02-22,1979-02-22,1979-02-22,2020-12-31,2016-12-31,2020-12-31,56,56,,2400,LCA,Latin America & Caribbean,SLU,SLU,,,,,,,,,,662,662,,LCA,,LC,,,019,Americas,419,Latin America and the Caribbean,029,Caribbean,,,x,1,,Saint Lucia,,
Saint Pierre and Miquelon,Saint Pierre and Miquelon,Saint Pierre and Miquelon,0,,,,,,,,,,2410,,,,,,,,,,,,,,666,666,,SPM,,PM,,,019,Americas,021,Northern America,,,,,,,,France,,
Saint Vincent and the Grenadines,Saint Vincent and the Grenadines,Saint Vincent and the Grenadines,1,1979-10-27,1979-10-27,1979-10-27,2020-12-31,2016-12-31,2020-12-31,57,57,,2420,VCT,Latin America & Caribbean,SVG,SVG,,,,,,,,,,670,670,,VCT,,VC,,,019,Americas,419,Latin America and the Caribbean,029,Caribbean,,,x,1,,Saint Vincent and the Grenadines,,
Samoa,Samoa,"Samoa, Independent State of",1,1962-01-01,1976-12-15,1962-01-01,2020-12-31,2016-12-31,2020-12-31,990,990,,5197,WSM,East Asia & Pacific,WSM,WSM,,,,,,,,,,882,882,,WSM,,WS,,,009,Oceania,061,Polynesia,,,,,x,1,,Samoa,,
San Marino,San Marino,"San Marino, Republic of",1,1816-01-01,1992-03-02,1816-01-01,2020-12-31,2016-12-31,2020-12-31,331,331,195,4275,SMR,Europe & Central Asia,SNM,SNM,,,,,,,,,,674,674,,SMR,,SM,,,150,Europe,039,Southern Europe,,,,,,1,,San Marino,,
Sao Tome and Principe,Sao Tome and Principe,"Sao Tome and Principe, Democratic Republic of",1,1975-07-12,1975-07-12,1975-07-12,2020-12-31,2016-12-31,2020-12-31,403,403,196,1385,STP,Sub-Saharan Africa,STP,STP,,,,,,,,,,678,678,,STP,,ST,,,002,Africa,202,Sub-Saharan Africa,017,Middle Africa,x,,x,1,,Sao Tome and Principe,,
Sarawak,Sarawak,Sarawak,0,,,,,,,,,,,,,,,,,,,,,,,,,,,,,,,,,,,,,,,,,,,Malaysia,,
Sardinia,Sardinia,Sardinia,0,1815,,,1861,,,,,,,,,,,,,,,,,,,,,,,,,,,,,,,,,,,,,,,Italy,,
Sark,Sark,Sark,0,,,,,,,,,,,,,,,680,2011,"Part of the Channel Islands (numerical code 830), issued a separate numerical code in 2011",,,,,,,680,680,,,,,,2011,150,Europe,154,Northern Europe,830,Channel Islands,,,,,,United Kingdom,,
Saudi Arabia,Saudi Arabia,"Saudi Arabia, Kingdom of",1,1932-09-23,1927-05-20,1932-09-23,2020-12-31,2016-12-31,2020-12-31,670,670,197,3340,SAU,Middle East & North Africa,SAU,SAU,,,,,,,,,,682,682,,SAU,,SA,,,142,Asia,145,Western Asia,,,,,,0,,Saudi Arabia,,
Saxe-Weimar-Eisenach,Saxe-Weimar-Eisenach,Saxe-Weimar-Eisenach,0,,,,,,,,,365,,,,,,,,,,,,,,,,,,,,,,,,,,,,,,,,,,,,
Saxony,Saxony,Saxony,0,1816-01-01,1816-01-01,1816-01-01,1871-01-17,1867-04-17,1871-01-17,269,269,353,,,,SAX,SAX,,,,,,,,,,,,,,,,,,,,,,,,,,,0,,Germany,,
Scotland,Scotland,Scotland,0,,,,,,,,,,4330,,,,,,,,,,,,,,,,,,,,,,,,,,,,,,,,,United Kingdom,,
Senegal,Senegal,"Senegal, Republic of",1,1960-04-04,1960-08-20,1960-04-04,2020-12-31,2016-12-31,2020-12-31,433,433,31,1390,SEN,Sub-Saharan Africa,SEN,SEN,,,,,,,,,,686,686,,SEN,,SN,,,002,Africa,202,Sub-Saharan Africa,011,Western Africa,x,,,0,,Senegal,,
Senegambia,Senegambia,Senegambia,0,1982,,,1989,,,,,,,,,,,,,,,,,,,,,,,,,,,,,,,,,,,,,,,,,
Serbia,Serbia,Serbia,0,1878-07-13,1878-07-13,1878-07-13,1915-10-01,,1915-10-01,345,340,198,4273,SRB,Europe & Central Asia,YUG,SER,688,2006,"Formerly part of Serbia and Montenegro (numerical code 891). On 3 June 2006, Serbia and Montenegro (numerical code 891) formally dissolved into 2 independent countries: Montenegro (numerical code 499) and Serbia (numerical code 688).",,,,,,,688,688,,SRB,,RS,,2006,150,Europe,039,Southern Europe,,,,,,0,,Serbia,,
Yugoslavia SFR,Serbia,"Yugoslavia, (Socialist) Federal Republic of",0,1918-12-01,,1918-12-01,1941-04-20,1941-04-20,,345,345,198,4340,YUG,Europe & Central Asia,YUG,YUG,,,,,,,,890,"Prior to 1 January 1992, referred to the Socialist Federal Republic of Yugoslavia, which was composed of six republics.",890,890,,YUG,YUG,YU,YU,890 not used,150,Europe,039,Southern Europe,,,,,,0,,Yugoslavia SFR,,
Yugoslavia SFR,Serbia,"Yugoslavia, (Socialist) Federal Republic of",1,1944-10-20,1944-10-20,,1991,,,345,345,198,4340,YUG,Europe & Central Asia,YUG,YUG,,,,,,,,890,"Prior to 1 January 1992, referred to the Socialist Federal Republic of Yugoslavia, which was composed of six republics.",890,890,,YUG,YUG,YU,YU,890 not used,150,Europe,039,Southern Europe,,,,,,0,,Yugoslavia SFR,,
Yugoslavia FR,Serbia,"Yugoslavia, Federal Republic of",1,1992-04-27,,,2002,,,345,345,198,4350,YUG,Europe & Central Asia,YUG,YUG,,,,,,,,891,"On 3 June 2006, Serbia and Montenegro (numerical code 891) formally dissolved into 2 independent countries: Montenegro (numerical code 499) and Serbia (numerical code 688).",891,891,891,YUG,YUG,YU,YU,not used,150,Europe,039,Southern Europe,,,,,,0,,Yugoslavia FR,,Yugoslavia SFR
Serbia and Montenegro,Serbia,"Serbia and Montenegro (Yugoslavia, Federal Republic of)",1,2003-02-04,,,2006-06-04,,2006-06-04,345,345,198,4350,YUG,Europe & Central Asia,YUG,YUG,,,,,,,,891,"On 3 June 2006, Serbia and Montenegro (numerical code 891) formally dissolved into 2 independent countries: Montenegro (numerical code 499) and Serbia (numerical code 688).",891,891,891,SCG,YUG,YU,YU,"2003, 891 not used",150,Europe,039,Southern Europe,,,,,,0,,Serbia and Montenegro,,Yugoslavia FR
Serbia,Serbia,Serbia,1,2006-06-05,,2006-06-05,2020-12-31,2016-12-31,2020-12-31,345,340,198,4273,SRB,Europe & Central Asia,YUG,SER,688,2006,"Formerly part of Serbia and Montenegro (numerical code 891). On 3 June 2006, Serbia and Montenegro (numerical code 891) formally dissolved into 2 independent countries: Montenegro (numerical code 499) and Serbia (numerical code 688).",,,,,,,688,688,,SRB,,RS,,2006,150,Europe,039,Southern Europe,,,,,,0,,Serbia,Serbia and Montenegro,
Seychelles,Seychelles,"Seychelles, Republic of",1,1976-06-29,1976-06-29,1976-06-29,2020-12-31,2016-12-31,2020-12-31,591,591,199,1400,SYC,Sub-Saharan Africa,SEY,SEY,,,,,,,,,,690,690,,SYC,,SC,,,002,Africa,202,Sub-Saharan Africa,014,Eastern Africa,,,x,1,,Seychelles,,
Sierra Leone,Sierra Leone,"Sierra Leone, Republic of",1,1961-04-27,1961-04-27,1961-04-27,2020-12-31,2016-12-31,2020-12-31,451,451,95,1410,SLE,Sub-Saharan Africa,SIE,SIE,,,,,,,,,,694,694,,SLE,,SL,,,002,Africa,202,Sub-Saharan Africa,011,Western Africa,x,,,0,,Sierra Leone,,
Sikkim,Sikkim,Sikkim,0,,,,,,,,,,,,,,,,,,,,,,,,,,,SKM,SKM,SK,SK,,,,,,,,,,,,,India,,
Singapore,Singapore,"Singapore, Republic of",1,1965-08-09,1965-08-09,1965-08-09,2020-12-31,2016-12-31,2020-12-31,830,830,200,3350,SGP,East Asia & Pacific,SIN,SIN,,,,,,,,,,702,702,,SGP,,SG,,,142,Asia,035,South-eastern Asia,,,,,x,0,,Singapore,,
Sint Eustatius,Sint Eustatius,Sint Eustatius,0,,,,,,,,,,,,,,,,,,,,,,,,,,,,,,,,,,,,,,,,,,,Netherlands,,
Sint Maarten (Dutch part),Sint Maarten (Dutch part),Sint Maarten (Dutch part),0,,,,,,,,,,,SXM,Latin America & Caribbean,,,534,2010,"Formerly included in Netherlands Antilles (previous numerical code 532). The federation of the Netherlands Antilles was originally assigned code 532, which included data for Aruba. In 1986, Aruba became an autonomous country within the Kingdom of the Netherlands, and was given its own code - 533 - while the code for the Netherlands Antilles was changed to 530. The federation of the Netherlands Antilles was formally dissolved on 10 October 2010. The former Dutch Caribbean dependency ceased to exist with a change of the five islands' constitutional status. Under the new political structure, Curaçao and Sint Maarten (Dutch part) became autonomous countries within the Kingdom of the Netherlands.",,,,,,,534,534,,SXM,,SX,,2010,019,Americas,419,Latin America and the Caribbean,029,Caribbean,,,x,,,Netherlands,Netherlands Antilles,
Slovakia,Slovakia,Slovak Republic,1,1993-01-01,1993-01-01,1993-01-01,2020-12-31,2016-12-31,2020-12-31,317,317,201,4274,SVK,Europe & Central Asia,SLO,SLO,703,1993,Formerly part of Czechoslovakia (numerical code 200).,,,,,,,703,703,,SVK,,SK,,1993,150,Europe,151,Eastern Europe,,,,,,0,,Slovakia,Czechoslovakia,
Slovenia,Slovenia,Slovenia,1,1992-04-27,1992-01-15,1992-04-27,2020-12-31,2016-12-31,2020-12-31,349,349,202,4276,SVN,Europe & Central Asia,SLV,SLV,705,1992,"Formerly part of the Socialist Federal Republic of Yugoslavia (numerical code 890). Prior to 1 January 1992, referred to the Socialist Federal Republic of Yugoslavia, which was composed of six republics.",,,,,,,705,705,,SVN,,SI,,1992,150,Europe,039,Southern Europe,,,,,,0,,Slovenia,Yugoslavia SFR,
Solomon Islands,Solomon Islands,Solomon Islands,1,1978-07-07,1978-07-07,1978-07-07,2020-12-31,2016-12-31,2020-12-31,940,940,203,5198,SLB,East Asia & Pacific,SOL,SOL,,,,,,,,,,090,90,,SLB,,SB,,,009,Oceania,054,Melanesia,,,x,,x,0,,Solomon Islands,,
Somalia,Somalia,Somali Republic,1,1960-07-01,1960-07-01,1960-07-01,2020-12-31,2016-12-31,2020-12-31,520,520,130,1420,SOM,Sub-Saharan Africa,SOM,SOM,,,,,,,,,,706,706,,SOM,,SO,,,002,Africa,202,Sub-Saharan Africa,014,Eastern Africa,x,,,0,,Somalia,,
Somaliland,Somaliland,Somaliland (Somaliland under Italian Administration),0,1991,,,,,,,,139,,,,,,,,,,,,,,,,,,,,,,,,,,,,,,,,,,,,
South Africa,South Africa,"South Africa, Republic of",1,1910-05-31,1920-01-10,1910-05-31,2020-12-31,2016-12-31,2020-12-31,560,560,8,1430,ZAF,Sub-Saharan Africa,SAF,SAF,,,,,,,,,,710,710,,ZAF,,ZA,,,002,Africa,202,Sub-Saharan Africa,018,Southern Africa,,,,0,,South Africa,,
South Georgia and the South Sandwich Islands,South Georgia and the South Sandwich Islands,South Georgia and the South Sandwich Islands,0,,,,,,,,,,,,,,,,,,239,,,,,,239,239,,SGS,,GS,,,019,Americas,419,Latin America and the Caribbean,005,South America,,,,,,United Kingdom,,
South Korea,South Korea,"Korea, Republic of",1,1948-08-15,1949-06-29,1948-08-15,2020-12-31,2016-12-31,2020-12-31,732,732,42,3325,KOR,East Asia & Pacific,ROK,ROK,,,,,,,,,,410,410,,KOR,,KR,,,142,Asia,030,Eastern Asia,,,,,,0,,South Korea,,
South Ossetia,South Ossetia,South Ossetia,0,2008-08-26,,2008-08-26,,,2020-12-31,,397,,,,,,SOT,,,,,,,,,,,,,,,,,,,,,,,,,,,1,,,,
South Sudan,South Sudan,"South Sudan, Republic of",1,2011-07-09,2011-07-09,2011-07-09,2020-12-31,2016-12-31,2020-12-31,626,626,32,1460,SSD,Sub-Saharan Africa,SSD,SSD,728,2011,"Formerly part of Sudan (numerical code 736). On 9 July 2011, South Sudan (numerical code 728) became independent from Sudan (numerical code 736).",,,,,,,728,728,,SSD,,SS,,2011,002,Africa,202,Sub-Saharan Africa,014,Eastern Africa,x,x,,0,,South Sudan,Sudan,
South Vietnam,South Vietnam,"Vietnam, Republic of",1,1954-05-01,1954-06-04,1954-05-01,1975-04-30,1975-04-30,1975-04-30,817,817,35,,,East Asia & Pacific,RVN,RVN,,,,,,,,,,,,,,,,,,142,Asia,035,South-eastern Asia,,,,,,0,,South Vietnam,,
South Yemen,South Yemen,"Yemen, People's Democratic Republic of",1,1967-11-30,1967-11-30,1967-11-30,1990-05-21,1990-05-21,1990-05-21,680,680,23,,,Middle East & North Africa,YPR,YPR,,,,,,,,720,"On 22 May 1990, Democratic Yemen (numerical code 720) and Yemen (numerical code 886) merged to form a single sovereign State. Since that date, they have been represented as one member of the United Nations with the name ""Yemen"" (numerical code 887).",720,720,,YMD,YMD,YD,YD,not used,142,Asia,145,Western Asia,,,x,,,0,,South Yemen,,
Spain,Spain,Spanish State,1,1816-01-01,1816-01-01,1816-01-01,2020-12-31,2016-12-31,2020-12-31,230,230,96,4280,ESP,Europe & Central Asia,SPN,SPN,,,,,,,,,,724,724,,ESP,,ES,,,150,Europe,039,Southern Europe,,,,,,0,,Spain,,
Spratly Islands,Spratly Islands,Spratly Islands,0,,,,,,,,,,,,,,,,,,,,,,,,,,,,,,,,,,,,,,,,,,,claimed in entirety by China and Vietnam and in part by by the Phillipines and Malaysia,,
Sri Lanka,Sri Lanka,"Sri Lanka, Democratic Socialist Republic of",1,1948-02-04,1948-02-04,1948-02-04,2020-12-31,2016-12-31,2020-12-31,780,780,131,3365,LKA,South Asia,SRI,SRI,,,,,,,,,,144,144,,LKA,,LK,,,142,Asia,034,Southern Asia,,,,,,0,,Sri Lanka,,
Ceylon,Sri Lanka,Ceylon,0,,,,,,,,,,,,,,,,,,,,,,,,,,,,,,,,,,,,,,,,,,,United Kingdom,,
Sudan,Sudan,"Sudan, (Democratic) Republic of the",1,1956-01-01,1956-01-01,1956-01-01,2010,,,625,625,33,1470,SDN,Sub-Saharan Africa,SUD,SUD,729,2011,"Formerly part of Sudan (numerical code 736). On 9 July 2011, South Sudan (numerical code 728) became independent from Sudan (numerical code 736).",,,,,736,"On 9 July 2011, South Sudan (numerical code 728) became independent from Sudan (numerical code 736).",729,729,736,SDN,,SD,SD,2011,002,Africa,015,Northern Africa,,,x,,,0,,Sudan,,
North Sudan,Sudan,"Sudan, Republic of the",1,2011-07-09,,,2020-12-31,2016-12-31,2020-12-31,625,625,33,1465,SDN,Middle East & North Africa,SUD,SUD,729,2011,"Formerly part of Sudan (numerical code 736). On 9 July 2011, South Sudan (numerical code 728) became independent from Sudan (numerical code 736).",,,,,736,"On 9 July 2011, South Sudan (numerical code 728) became independent from Sudan (numerical code 736).",729,729,736,SDN,,SD,SD,2011,002,Africa,015,Northern Africa,,,x,,,0,,North Sudan,Sudan,
Suriname,Suriname,"Suriname, Republic of",1,1975-11-25,1975-11-25,1975-11-25,2020-12-31,2016-12-31,2020-12-31,115,115,4,2430,SUR,Latin America & Caribbean,SUR,SUR,,,,,,,,,,740,740,,SUR,,SR,,,019,Americas,419,Latin America and the Caribbean,005,South America,,,x,0,,Suriname,,
Svalbard,Svalbard,Svalbard,0,,,,,,,,,,,,,,,,,,,,,,,,,,,,,,,,,,,,,,,,,,Svalbard and Jan Mayen,Norway,,
Svalbard and Jan Mayen Islands,Svalbard and Jan Mayen Islands,Svalbard and Jan Mayen Islands,0,,,,,,,,,,,,,,,,,,,,,,,,744,744,,SJM,,SJ,,,150,Europe,154,Northern Europe,,,,,,,,Norway,,
Sweden,Sweden,"Sweden, Kingdom of",1,1816-01-01,1816-01-01,1816-01-01,2020-12-31,2016-12-31,2020-12-31,380,380,5,4290,SWE,Europe & Central Asia,SWD,SWD,,,,,,,,,,752,752,,SWE,,SE,,,150,Europe,154,Northern Europe,,,,,,0,,Sweden,,
Switzerland,Switzerland,Swiss Confederation,1,1816-01-01,1816-01-01,1816-01-01,2020-12-31,2016-12-31,2020-12-31,225,225,6,4300,CHE,Europe & Central Asia,SWZ,SWZ,,,,,,,,,,756,756,,CHE,,CH,,,150,Europe,155,Western Europe,,,,,,0,,Switzerland,,
Syria (pre-UAR),Syria,Syria,1,1946-01-01,1946-04-17,1946-01-01,1957,1958-02-01,,652,652,97,3370,SYR,Middle East & North Africa,SYR,SYR,,,,,,,,,,760,760,,SYR,,SY,,,142,Asia,145,Western Asia,,,,,,0,,Syria,,
Syria (UAR),Syria,United Arab Republic,1,1958-02-02,,,1960,,,652,652,97,3370,SYR,Middle East & North Africa,SYR,SYR,,,,,,,,,,760,760,,SYR,,SY,,,142,Asia,145,Western Asia,,,,,,0,,Syria,,
Syria,Syria,Syrian Arab Republic,1,1961-09-29,1961-09-29,,2020-12-31,2016-12-31,2020-12-31,652,652,97,3370,SYR,Middle East & North Africa,SYR,SYR,,,,,,,,,,760,760,,SYR,,SY,,,142,Asia,145,Western Asia,,,,,,0,,Syria,,
Taiwan,Taiwan,"Taiwan, Province of China",1,1949-12-08,1949-12-08,1949-12-08,2020-12-31,2016-12-31,2020-12-31,713,713,48,3070,TWN,East Asia & Pacific,TAW,TAW,,,,,,,,,,,158,,,,,,,142,Asia,030,Eastern Asia,,,,,,0,,Taiwan,,
Tajikistan,Tajikistan,Tajikistan,1,1991-09-09,1991-12-26,1991-09-09,2020-12-31,2016-12-31,2020-12-31,702,702,133,4301,TJK,Europe & Central Asia,TAJ,TAJ,762,1991,"Formerly part of the Union of Soviet Socialist Republics (numerical code 810). In 1991, the Union of Soviet Socialist Republics formally dissolved into 15 independent countries: Armenia, Azerbaijan, Belarus, Estonia, Georgia, Kazakhstan, Kyrgyzstan, Latvia, Lithuania, Republic of Moldova, Russian Federation, Tajikistan, Turkmenistan, Ukraine and Uzbekistan.",,,,,,,762,762,,TJK,,TJ,,1991,142,Asia,143,Central Asia,,,,x,,0,,Tajikistan,Soviet Union,
Tanzania,Tanzania,"Tanzania, United Republic of",1,1961-12-09,1961-12-09,1961-12-09,2020-12-31,2016-12-31,2020-12-31,510,510,47,1546,TZA,Sub-Saharan Africa,TAZ,TAZ,,,,,,,,,,834,834,,TZA,,TZ,,,002,Africa,202,Sub-Saharan Africa,014,Eastern Africa,x,,,0,,Tanzania,,
Thailand,Thailand,"Thailand, Kingdom of",1,1816-01-01,1887-01-01,1816-01-01,2020-12-31,2016-12-31,2020-12-31,800,800,49,3380,THA,East Asia & Pacific,THI,THI,,,,,,,,,,764,764,,THA,,TH,,,142,Asia,035,South-eastern Asia,,,,,,0,,Thailand,,
Tibet,Tibet,Tibet,0,1913-01-01,,1913-01-01,1950-10-01,,1950-10-01,,711,,,,,,TBT,,,,,,,,,,,,,,,,,,,,,,,,,,,0,,China,,
Timor-Leste,Timor-Leste,"Timor-Leste, Democratic Republic of",1,2002-05-20,2002-09-27,2002-05-20,2020-12-31,2016-12-31,2020-12-31,860,860,74,,TLS,East Asia & Pacific,ETM,ETM,,,,,,Timor-Leste,Previously listed as East Timor,,,626,626,,TLS,TMP,TL,TP,yes,142,Asia,035,South-eastern Asia,,,x,,x,0,,Timor-Leste,,East Timor
Togo,Togo,Togolese Republic,1,1960-04-27,1960-04-27,1960-04-27,2020-12-31,2016-12-31,2020-12-31,461,461,134,1510,TGO,Sub-Saharan Africa,TOG,TOG,,,,,,,,,,768,768,,TGO,,TG,,,002,Africa,202,Sub-Saharan Africa,011,Western Africa,x,,,0,,Togo,,
Tokelau,Tokelau,Tokelau (Tokelau Islands),0,,,,,,,,,,,,,,,,,,,,,,,,772,772,,TKL,,TK,,,009,Oceania,061,Polynesia,,,,,,,,New Zealand,,
Tonga,Tonga,"Tonga, Kingdom of",1,1970-06-04,1999-09-14,1970-06-04,2020-12-31,2016-12-31,2020-12-31,955,972,,5200,TON,East Asia & Pacific,TON,TON,,,,,,,,,,776,776,,TON,,TO,,,009,Oceania,061,Polynesia,,,,,x,1,,Tonga,,
Transkei,Transkei,Transkei,0,1976,,,1994,,,,,,,,,,,,,,,,,,,,,,,,,,,,,,,,,,,,,,,South Africa,,
Transnistria,Transnistria,Transnistria,0,,,,,,,,,,,,,,,,,,,,,,,,,,,,,,,,,,,,,,,,,,,Moldova,,
Transvaal,Transvaal,Transvaal,0,1852-01-01,,1852-01-01,1910-05-30,,1910-05-30,,563,,,,,,TRA,,,,,,,,,,,,,,,,,,,,,,,,,,,0,,South Africa,,
Trinidad and Tobago,Trinidad and Tobago,Trinidad and Tobago,1,1962-08-31,1962-08-31,1962-08-31,2020-12-31,2016-12-31,2020-12-31,52,52,135,2440,TTO,Latin America & Caribbean,TRI,TRI,,,,,,,,,,780,780,,TTO,,TT,,,019,Americas,419,Latin America and the Caribbean,029,Caribbean,,,x,0,,Trinidad and Tobago,,
Tromelin Island,Tromelin Island,Tromelin Island,0,,,,,,,,,,,,,,,,,,,,,,,,,,,,,,,,,,,,,,,,,,Reunion,France,,
Tunisia,Tunisia,"Tunisia, Republic of",0,1816-01-01,1825-01-01,1816-01-01,1881-05-12,1881-05-12,1881-05-12,616,616,98,1520,TUN,Middle East & North Africa,TUN,TUN,,,,,,,,,,788,788,,TUN,,TN,,,002,Africa,015,Northern Africa,,,,,,0,,Tunisia,,
Tunisia,Tunisia,"Tunisia, Republic of",1,1956-01-01,1956-03-20,1956-01-01,2020-12-31,2016-12-31,2020-12-31,616,616,98,1520,TUN,Middle East & North Africa,TUN,TUN,,,,,,,,,,788,788,,TUN,,TN,,,002,Africa,015,Northern Africa,,,,,,0,,Tunisia,,
Turkey,Turkey,"Turkey, Republic of",1,1816-01-01,1816-01-01,1816-01-01,2020-12-31,2016-12-31,2020-12-31,640,640,99,3400,TUR,Europe & Central Asia,TUR,TUR,,,,,,Türkiye,Previously listed as Turkey,,,792,792,,TUR,,TR,,,142,Asia,145,Western Asia,,,,,,0,,Turkey,,
Turkmenistan,Turkmenistan,Turkmenistan,1,1991-10-27,1991-12-26,1991-10-27,2020-12-31,2016-12-31,2020-12-31,701,701,136,4302,TKM,Europe & Central Asia,TKM,TKM,795,1991,"Formerly part of the Union of Soviet Socialist Republics (numerical code 810). In 1991, the Union of Soviet Socialist Republics formally dissolved into 15 independent countries: Armenia, Azerbaijan, Belarus, Estonia, Georgia, Kazakhstan, Kyrgyzstan, Latvia, Lithuania, Republic of Moldova, Russian Federation, Tajikistan, Turkmenistan, Ukraine and Uzbekistan.",,,,,,,795,795,,TKM,,TM,,1991,142,Asia,143,Central Asia,,,,x,,0,,Turkmenistan,Soviet Union,
Turks and Caicos Islands,Turks and Caicos Islands,Turks and Caicos Islands,0,,,,,,,,,,2445,TCA,Latin America & Caribbean,,,,,,,,,,,,796,796,,TCA,,TC,,,019,Americas,419,Latin America and the Caribbean,029,Caribbean,,,,,,United Kingdom,,
Tuscany,Tuscany,Tuscany,0,1816-01-01,1816-01-01,1816-01-01,1861-03-16,1860-03-15,1861-03-16,337,337,354,,,,TUS,TUS,,,,,,,,,,,,,,,,,,,,,,,,,,,0,,Italy,,
Tuvalu,Tuvalu,Tuvalu,1,1978-10-01,2000-09-05,1978-10-01,2020-12-31,2016-12-31,2020-12-31,947,973,,5205,TUV,East Asia & Pacific,TUV,TUV,,,,,,,,,,798,798,,TUV,,TV,,,009,Oceania,061,Polynesia,,,x,,x,1,,Tuvalu,,
Two Sicilies,Two Sicilies,Two Sicilies,0,1816-01-01,1816-01-01,1816-01-01,1861-03-16,1861-02-13,1861-03-16,329,329,356,,,,SIC,SIC,,,,,,,,,,,,,,,,,,,,,,,,,,,0,,,,
Uganda,Uganda,"Uganda, Republic of",1,1962-10-09,1962-10-09,1962-10-09,2020-12-31,2016-12-31,2020-12-31,500,500,50,1530,UGA,Sub-Saharan Africa,UGA,UGA,,,,,,,,,,800,800,,UGA,,UG,,,002,Africa,202,Sub-Saharan Africa,014,Eastern Africa,x,x,,0,,Uganda,,
Ukraine,Ukraine,Ukraine,1,1991-12-01,1991-12-26,1991-12-01,2020-12-31,2016-12-31,2020-12-31,369,369,100,4303,UKR,Europe & Central Asia,UKR,UKR,,,,,,Ukraine,Previously listed as Ukrainian Soviet Socialist Republic,,,804,804,,UKR,,UA,,,150,Europe,151,Eastern Europe,,,,,,0,,Ukraine,,Ukrainian Soviet Socialist Republic
United Arab Emirates,United Arab Emirates,United Arab Emirates,1,1971-12-02,1971-12-02,1971-12-02,2020-12-31,2016-12-31,2020-12-31,696,696,207,3405,ARE,Middle East & North Africa,UAE,UAE,,,,,,,,,,784,784,,ARE,,AE,,,142,Asia,145,Western Asia,,,,,,0,,United Arab Emirates,,
United Arab Republic,United Arab Republic,United Arab Republic,0,,,,,,,,,,,,,,,,,,,,,,,,,,,,,,,,,,,,,,,,,,,,,
United Kingdom,United Kingdom,United Kingdom of Great Britain and Northern Ireland,1,1816-01-01,1816-01-01,1816-01-01,2020-12-31,2016-12-31,2020-12-31,200,200,101,4308,GBR,Europe & Central Asia,UKG,UKG,,,,,,,,,,826,826,,GBR,,GB,,,150,Europe,154,Northern Europe,,,,,,0,,United Kingdom,,
United Provinces of Central America,United Provinces of Central America,United Provinces of Central America,0,1823-07-01,,1823-07-01,1839-12-31,,1839-12-31,,89,,,,,,UPC,,,,,,,,,,,,,,,,,,,,,,,,,,,0,,,,
United States of America,United States of America,United States of America,1,1816-01-01,1816-01-01,1816-01-01,2020-12-31,2016-12-31,2020-12-31,2,2,20,2450,USA,North America,USA,USA,,,,,,,,,,840,840,,USA,,US,,,019,Americas,021,Northern America,,,,,,0,,United States of America,,
Uruguay,Uruguay,"Uruguay, Eastern Republic of",1,1830-05-26,1882-01-01,1830-05-26,2020-12-31,2016-12-31,2020-12-31,165,165,102,2460,URY,Latin America & Caribbean,URU,URU,,,,,,,,,,858,858,,URY,,UY,,,019,Americas,419,Latin America and the Caribbean,005,South America,,,,0,,Uruguay,,
United States Minor Outlying Islands,US Minor Outlying Islands,US Minor Outlying Islands,0,,,,,,,,,,,,,,,,,,581,"United States Minor Outlying Islands (numerical code 581) formed by merging Johnston Island (numerical code 396), Midway Islands (numerical code 488), United States Miscellaneous Pacific Islands (numerical code 849), and Wake Island (numerical code 872).",,,,,581,581,,UMI,,UM,,,009,Oceania,057,Micronesia,,,,,,,"Baker Island, Howland Island, Jarvis Island, Johnston Atoll, Kingman Reef, Midway Islands, Palmyra Atoll, Wake Island",United States of America,,
United States Miscellaneous Pacific Islands,US Miscellaneous Pacific Islands,US Miscellaneous Pacific Islands,0,,,,,,,,,,,,,,,,,,,,,,849,"United States Minor Outlying Islands (numerical code 581) formed by merging Johnston Island (numerical code 396), Midway Islands (numerical code 488), United States Miscellaneous Pacific Islands (numerical code 849), and Wake Island (numerical code 872).",849,849,,PUS,PUS,PU,PU,not used,,,,,,,,,,,,United States of America,,
United States Virgin Islands,US Virgin Islands,US Virgin Islands,0,,,,,,,,,,2455,VIR,Latin America & Caribbean,,,,,,,,,,,,850,850,,VIR,,VI,,,019,Americas,419,Latin America and the Caribbean,029,Caribbean,,,x,,,United States of America,,
Uzbekistan,Uzbekistan,Uzbekistan,1,1991-08-31,1991-12-26,1991-08-31,2020-12-31,2016-12-31,2020-12-31,704,704,140,4335,UZB,Europe & Central Asia,UZB,UZB,860,1991,"Formerly part of the Union of Soviet Socialist Republics (numerical code 810). In 1991, the Union of Soviet Socialist Republics formally dissolved into 15 independent countries: Armenia, Azerbaijan, Belarus, Estonia, Georgia, Kazakhstan, Kyrgyzstan, Latvia, Lithuania, Republic of Moldova, Russian Federation, Tajikistan, Turkmenistan, Ukraine and Uzbekistan.",,,,,,,860,860,,UZB,,UZ,,1991,142,Asia,143,Central Asia,,,,x,,0,,Uzbekistan,Soviet Union,
Vanuatu,Vanuatu,Vanuatu,1,1980-06-30,1981-09-15,1980-06-30,2020-12-31,2016-12-31,2020-12-31,935,935,206,5207,VUT,East Asia & Pacific,VAN,VAN,,,,,,,,,,548,548,,VUT,,VU,,,009,Oceania,054,Melanesia,,,,,x,1,,Vanuatu,,New Hebrides
Vatican,Vatican,Holy See (Vatican),0,1975,,,,,,,,,,,,,,,,,,,,,,,336,336,,VAT,,VA,,,150,Europe,039,Southern Europe,,,,,,,,,,
Venda,Venda,Venda,0,1979,,,1994,,,,,,,,,,,,,,,,,,,,,,,,,,,,,,,,,,,,,,,South Africa,,
Venezuela,Venezuela,"Venezuela, Bolivarian Republic of",1,1829-01-01,1841-01-01,1829-01-01,2020-12-31,2016-12-31,2020-12-31,101,101,51,2470,VEN,Latin America & Caribbean,VEN,VEN,,,,,,Venezuela (Bolivarian Republic of),Previously Venezuela,,,862,862,,VEN,,VE,,,019,Americas,419,Latin America and the Caribbean,005,South America,,,,0,,Venezuela,,
Vietnam (Annam/Cochin China/Tonkin),Vietnam,Vietnam (Annam/Cochin China/Tonkin),0,1816-01-01,,1816-01-01,1893-01-01,,1893-01-01,,815,,,,,,VNM,,,,,,,,,,,,,,,,,,,,,,,,,,,0,,,,
North Vietnam,Vietnam,"Viet-Nam, Democratic Republic of",1,1954-05-01,,1954-05-01,1975,,,816,816,34,3408,VNM,East Asia & Pacific,DRV,DRV,,,,,,,,,,704,704,,VDR,VNM,VN,VN,yes,142,Asia,035,South-eastern Asia,,,,,,0,,North Vietnam,,
Vietnam,Vietnam,"Viet Nam, Socialist Republic of",1,1976,1954-07-21,1954-05-01,2020-12-31,2016-12-31,2020-12-31,816,816,34,3408,VNM,East Asia & Pacific,DRV,DRV,,,,,,,,,,704,704,,VNM,,VN,VN,yes,142,Asia,035,South-eastern Asia,,,,,,0,,Vietnam,,
Wake Island,Wake Island,Wake Island,0,,,,,,,,,,,,,,,,,,,,,,872,"United States Minor Outlying Islands (numerical code 581) formed by merging Johnston Island (numerical code 396), Midway Islands (numerical code 488), United States Miscellaneous Pacific Islands (numerical code 849), and Wake Island (numerical code 872).",872,872,,WAK,WAK,WK,WK,not used,,,,,,,,,,,US Minor Outlying Islands,United States of America,,
Wales,Wales,Wales,0,,,,,,,,,,,,,,,,,,,,,,,,,,,,,,,,,,,,,,,,,,,United Kingdom,,
Wallis and Futuna Islands,Wallis and Futuna Islands,Wallis and Futuna Islands,0,,,,,,,,,,,,,,,,,,,,,,,,876,876,,WLF,,WF,,,009,Oceania,061,Polynesia,,,,,,,,France,,
West Berlin,West Berlin,West Berlin,0,,,,,,,,,,4120,,,,,,,,,,,,,,,,,,,,,,,,,,,,,,,,,West Germany,,
Western Sahara,Western Sahara,Western Sahara,0,,,,,,,,,,,,,,,,,,,,,,,,732,732,,ESH,,EH,,,002,Africa,015,Northern Africa,,,,,,,,Morocco,,Spanish Sahara
Windward Islands,Windward Islands,Windward Islands,0,,,,,,,,,,,,,,,,,,,,,,,,,,,,,,,,,,,,,,,,,,,United Kingdom,,
Württemberg,Württemberg,Württemberg,0,1816-01-01,1816-01-01,1816-01-01,1871-01-17,1871-01-18,1871-01-17,271,271,355,,,,WRT,WRT,,,,,,,,,,,,,,,,,,,,,,,,,,,0,,Germany,,
Yemen (before split),Yemen,Yemen,1,1918-10-30,1926-09-02,1918-10-30,1961,,,678,678,14,3420,YEM,Middle East & North Africa,YAR,YEM,887,1990,"On 22 May 1990, Democratic Yemen (numerical code 720) and Yemen (numerical code 886) merged to form a single sovereign State. Since that date, they have been represented as one member of the United Nations with the name ""Yemen"" (numerical code 887).",,,,,886,"On 22 May 1990, Democratic Yemen (numerical code 720) and Yemen (numerical code 886) merged to form a single sovereign State. Since that date, they have been represented as one member of the United Nations with the name ""Yemen"" (numerical code 887).",887,887,,YEM,YEM,YE,YE,1990,142,Asia,145,Western Asia,,,x,,,0,,Yemen,,Arab Republic of Yemen
North Yemen,Yemen,Yemen Arab Republic,1,1962,,,1990-05-21,1990-05-21,,678,678,14,3420,YEM,Middle East & North Africa,YAR,YEM,,1990,"On 22 May 1990, Democratic Yemen (numerical code 720) and Yemen (numerical code 886) merged to form a single sovereign State. Since that date, they have been represented as one member of the United Nations with the name ""Yemen"" (numerical code 887).",,,,,886,"On 22 May 1990, Democratic Yemen (numerical code 720) and Yemen (numerical code 886) merged to form a single sovereign State. Since that date, they have been represented as one member of the United Nations with the name ""Yemen"" (numerical code 887).",886,886,,YEM,YEM,YE,YE,not used,142,Asia,145,Western Asia,,,x,,,0,,North Yemen,,
Yemen,Yemen,"Yemen, Republic of",1,1990-05-22,1990-05-22,,2020-12-31,2016-12-31,2020-12-31,679,678,14,3420,YEM,Middle East & North Africa,YEM,YEM,887,1990,"On 22 May 1990, Democratic Yemen (numerical code 720) and Yemen (numerical code 886) merged to form a single sovereign State. Since that date, they have been represented as one member of the United Nations with the name ""Yemen"" (numerical code 887).",,,,,886,"On 22 May 1990, Democratic Yemen (numerical code 720) and Yemen (numerical code 886) merged to form a single sovereign State. Since that date, they have been represented as one member of the United Nations with the name ""Yemen"" (numerical code 887).",887,887,,YEM,YEM,YE,YE,1990,142,Asia,145,Western Asia,,,x,,,0,,Yemen,,Arab Republic of Yemen
Zaire,Zaire,"Zaire, Republic of",0,,,,,,,,,,,,,,,,,,,,,,,,,180,,ZAR,ZAR,ZR,ZR,,,,,,,,,,,,,Zaire,,
Zambia,Zambia,"Zambia, Republic of",1,1964-10-24,1964-10-24,1964-10-24,2020-12-31,2016-12-31,2020-12-31,551,551,61,1560,ZMB,Sub-Saharan Africa,ZAM,ZAM,,,,,,,,,,894,894,,ZMB,,ZM,,,002,Africa,202,Sub-Saharan Africa,014,Eastern Africa,x,x,,0,,Zambia,,
Zanzibar,Zanzibar,Zanzibar,0,1963-12-19,1963-12-19,1963-12-19,1964-04-26,1964-04-26,1964-04-26,511,511,236,,,,ZAN,ZAN,,,,,,,,,,,,,,,,,,,,,,,,,,,0,,Zanzibar,,
Zimbabwe,Zimbabwe,Zimbabwe,1,1965-11-11,1965-11-11,1965-11-11,2020-12-31,2016-12-31,2020-12-31,552,552,62,1570,ZWE,Sub-Saharan Africa,ZIM,ZIM,,,,,,,,,,716,716,,ZWE,,ZW,,,002,Africa,202,Sub-Saharan Africa,014,Eastern Africa,,x,,0,,Zimbabwe,,
